sprintId,sprintName,projectName,sprintStartDate,sprintEndDate,storyPoints,sprintDurationPassed,sprintDurationEstimated,parentKey,parentId,sprintStatus,storyKey,isSubTask,storyType,timeSpent,storyStatus,storystatus(list),sprintDurationEstimated(in hours),sprintDurationPassed(in hours),sprintDurationDifference(in hours),parentId(List)
"1,426",EPP Sprint 9,Eurisko Platform Portal,8/14/2023,8/21/2023,13,612001,604800,-,-,active,EPP-111,FALSE,Story,0,To Do,not done,168,170.0002778,2.000277778,No Parent
"1,426",EPP Sprint 9,Eurisko Platform Portal,8/14/2023,8/21/2023,8,612001,604800,-,-,active,EPP-138,FALSE,Task,0,To Do,not done,168,170.0002778,2.000277778,No Parent
"1,426",EPP Sprint 9,Eurisko Platform Portal,8/14/2023,8/21/2023,13,626402,604800,-,-,active,EPP-107,FALSE,Story,"7,200",Done,done,168,174.0005556,6.000555556,No Parent
"1,426",EPP Sprint 9,Eurisko Platform Portal,8/14/2023,8/21/2023,13,626402,604800,-,-,active,EPP-134,FALSE,Story,0,Done,done,168,174.0005556,6.000555556,No Parent
"1,426",EPP Sprint 9,Eurisko Platform Portal,8/14/2023,8/21/2023,13,626402,604800,-,-,active,EPP-133,FALSE,Story,"50,400",Done,done,168,174.0005556,6.000555556,No Parent
"1,418",Sprint 77.1 - KPI Enhancements,Hiverse,8/10/2023,8/17/2023,8,1565330,604782,-,-,active,HIVERSE-9755,FALSE,Story,"28,800",Done,done,167.995,434.8138889,266.8188889,No Parent
"1,418",Sprint 77.1 - KPI Enhancements,Hiverse,8/10/2023,8/17/2023,5,1565330,604782,-,-,active,HIVERSE-9759,FALSE,Story,"14,400",Done,done,167.995,434.8138889,266.8188889,No Parent
"1,418",Sprint 77.1 - KPI Enhancements,Hiverse,8/10/2023,8/17/2023,5,1565330,604782,-,-,active,HIVERSE-9756,FALSE,Story,"14,400",Done,done,167.995,434.8138889,266.8188889,No Parent
"1,418",Sprint 77.1 - KPI Enhancements,Hiverse,8/10/2023,8/17/2023,5,1565330,604782,-,-,active,HIVERSE-9757,FALSE,Story,"12,600",Done,done,167.995,434.8138889,266.8188889,No Parent
"1,418",Sprint 77.1 - KPI Enhancements,Hiverse,8/10/2023,8/17/2023,5,1565330,604782,-,-,active,HIVERSE-9489,FALSE,Story,"14,400",Done,done,167.995,434.8138889,266.8188889,No Parent
"1,418",Sprint 77.1 - KPI Enhancements,Hiverse,8/10/2023,8/17/2023,8,1565330,604782,-,-,active,HIVERSE-9772,FALSE,Story,"27,000",Done,done,167.995,434.8138889,266.8188889,No Parent
"1,418",Sprint 77.1 - KPI Enhancements,Hiverse,8/10/2023,8/17/2023,5,1565330,604782,-,-,active,HIVERSE-9592,FALSE,Story,"14,400",Done,done,167.995,434.8138889,266.8188889,No Parent
"1,418",Sprint 77.1 - KPI Enhancements,Hiverse,8/10/2023,8/17/2023,0,1565330,604782,-,-,active,HIVERSE-9660,FALSE,Bug,"10,800",Done,done,167.995,434.8138889,266.8188889,No Parent
"1,418",Sprint 77.1 - KPI Enhancements,Hiverse,8/10/2023,8/17/2023,3,1565330,604782,-,-,active,HIVERSE-9776,FALSE,Story,"12,600",Done,done,167.995,434.8138889,266.8188889,No Parent
"1,418",Sprint 77.1 - KPI Enhancements,Hiverse,8/10/2023,8/17/2023,1,1565330,604782,-,-,active,HIVERSE-9809,FALSE,Story,300,Done,done,167.995,434.8138889,266.8188889,No Parent
"1,418",Sprint 77.1 - KPI Enhancements,Hiverse,8/10/2023,8/17/2023,1,1565330,604782,-,-,active,HIVERSE-9810,FALSE,Story,300,Done,done,167.995,434.8138889,266.8188889,No Parent
"1,418",Sprint 77.1 - KPI Enhancements,Hiverse,8/10/2023,8/17/2023,0,1565330,604782,-,-,active,HIVERSE-9820,FALSE,Bug,0,Done,done,167.995,434.8138889,266.8188889,No Parent
"1,418",Sprint 77.1 - KPI Enhancements,Hiverse,8/10/2023,8/17/2023,0,1565330,604782,-,-,active,HIVERSE-9821,FALSE,Bug,"3,600",Done,done,167.995,434.8138889,266.8188889,No Parent
"1,418",Sprint 77.1 - KPI Enhancements,Hiverse,8/10/2023,8/17/2023,0,1565330,604782,-,-,active,HIVERSE-9824,FALSE,Task,"2,400",Done,done,167.995,434.8138889,266.8188889,No Parent
"1,418",Sprint 77.1 - KPI Enhancements,Hiverse,8/10/2023,8/17/2023,0,1565330,604782,-,-,active,HIVERSE-9825,FALSE,Bug,900,Done,done,167.995,434.8138889,266.8188889,No Parent
"1,418",Sprint 77.1 - KPI Enhancements,Hiverse,8/10/2023,8/17/2023,0,1565330,604782,-,-,active,HIVERSE-9826,FALSE,Bug,300,Done,done,167.995,434.8138889,266.8188889,No Parent
"1,418",Sprint 77.1 - KPI Enhancements,Hiverse,8/10/2023,8/17/2023,0,1565330,604782,-,-,active,HIVERSE-9827,FALSE,Task,0,Done,done,167.995,434.8138889,266.8188889,No Parent
"1,418",Sprint 77.1 - KPI Enhancements,Hiverse,8/10/2023,8/17/2023,0,1565330,604782,-,-,active,HIVERSE-9828,FALSE,Task,"1,800",Done,done,167.995,434.8138889,266.8188889,No Parent
"1,418",Sprint 77.1 - KPI Enhancements,Hiverse,8/10/2023,8/17/2023,0,1565330,604782,-,-,active,HIVERSE-9829,FALSE,Bug,"3,600",Done,done,167.995,434.8138889,266.8188889,No Parent
"1,418",Sprint 77.1 - KPI Enhancements,Hiverse,8/10/2023,8/17/2023,0,1565330,604782,-,-,active,HIVERSE-9830,FALSE,Task,"1,800",Done,done,167.995,434.8138889,266.8188889,No Parent
"1,418",Sprint 77.1 - KPI Enhancements,Hiverse,8/10/2023,8/17/2023,0,1565330,604782,-,-,active,HIVERSE-9834,FALSE,Bug,900,Done,done,167.995,434.8138889,266.8188889,No Parent
"1,418",Sprint 77.1 - KPI Enhancements,Hiverse,8/10/2023,8/17/2023,0,1565330,604782,-,-,active,HIVERSE-9835,FALSE,Bug,"1,800",Done,done,167.995,434.8138889,266.8188889,No Parent
"1,418",Sprint 77.1 - KPI Enhancements,Hiverse,8/10/2023,8/17/2023,0,1565330,604782,-,-,active,HIVERSE-9836,FALSE,Bug,900,Done,done,167.995,434.8138889,266.8188889,No Parent
"1,418",Sprint 77.1 - KPI Enhancements,Hiverse,8/10/2023,8/17/2023,0,1565330,604782,-,-,active,HIVERSE-9837,FALSE,Bug,"10,800",Done,done,167.995,434.8138889,266.8188889,No Parent
"1,408",EPP Sprint 8,Eurisko Platform Portal,7/31/2023,8/11/2023,3,972002,950400,-,-,active,EPP-103,FALSE,Story,"79,200",Done,done,264,270.0005556,6.000555556,No Parent
"1,408",EPP Sprint 8,Eurisko Platform Portal,7/31/2023,8/11/2023,13,972002,950400,-,-,active,EPP-111,FALSE,Story,0,To Do,not done,264,270.0005556,6.000555556,No Parent
"1,408",EPP Sprint 8,Eurisko Platform Portal,7/31/2023,8/11/2023,13,972002,950400,-,-,active,EPP-107,FALSE,Story,"7,200",To Do,not done,264,270.0005556,6.000555556,No Parent
"1,408",EPP Sprint 8,Eurisko Platform Portal,7/31/2023,8/11/2023,1,972002,950400,-,-,active,EPP-119,FALSE,Bug,0,Done,done,264,270.0005556,6.000555556,No Parent
"1,408",EPP Sprint 8,Eurisko Platform Portal,7/31/2023,8/11/2023,3,972002,950400,-,-,active,EPP-122,FALSE,Bug,0,Done,done,264,270.0005556,6.000555556,No Parent
"1,408",EPP Sprint 8,Eurisko Platform Portal,7/31/2023,8/11/2023,5,972002,950400,-,-,active,EPP-123,FALSE,Bug,"14,400",Done,done,264,270.0005556,6.000555556,No Parent
"1,408",EPP Sprint 8,Eurisko Platform Portal,7/31/2023,8/11/2023,3,972002,950400,-,-,active,EPP-127,FALSE,Bug,0,Done,done,264,270.0005556,6.000555556,No Parent
"1,408",EPP Sprint 8,Eurisko Platform Portal,7/31/2023,8/11/2023,8,972002,950400,-,-,active,EPP-128,FALSE,Story,0,Done,done,264,270.0005556,6.000555556,No Parent
"1,408",EPP Sprint 8,Eurisko Platform Portal,7/31/2023,8/11/2023,5,972002,950400,-,-,active,EPP-129,FALSE,Story,0,Done,done,264,270.0005556,6.000555556,No Parent
"1,408",EPP Sprint 8,Eurisko Platform Portal,7/31/2023,8/11/2023,3,972002,950400,-,-,active,EPP-130,FALSE,Story,"10,800",Done,done,264,270.0005556,6.000555556,No Parent
"1,408",EPP Sprint 8,Eurisko Platform Portal,7/31/2023,8/11/2023,3,972002,950400,-,-,active,EPP-131,FALSE,Bug,0,Done,done,264,270.0005556,6.000555556,No Parent
"1,408",EPP Sprint 8,Eurisko Platform Portal,7/31/2023,8/11/2023,1,972002,950400,-,-,active,EPP-132,FALSE,Task,0,Done,done,264,270.0005556,6.000555556,No Parent
"1,408",EPP Sprint 8,Eurisko Platform Portal,7/31/2023,8/11/2023,2,972002,950400,-,-,active,EPP-126,FALSE,Task,0,Done,done,264,270.0005556,6.000555556,No Parent
"1,408",EPP Sprint 8,Eurisko Platform Portal,7/31/2023,8/11/2023,3,972002,950400,-,-,active,EPP-135,FALSE,Task,"7,200",Done,done,264,270.0005556,6.000555556,No Parent
"1,408",EPP Sprint 8,Eurisko Platform Portal,7/31/2023,8/11/2023,5,972002,950400,-,-,active,EPP-137,FALSE,Task,0,Done,done,264,270.0005556,6.000555556,No Parent
"1,408",EPP Sprint 8,Eurisko Platform Portal,7/31/2023,8/11/2023,13,972002,950400,-,-,active,EPP-134,FALSE,Story,0,In Progress,not done,264,270.0005556,6.000555556,No Parent
"1,408",EPP Sprint 8,Eurisko Platform Portal,7/31/2023,8/11/2023,13,972002,950400,-,-,active,EPP-133,FALSE,Story,0,To Do,not done,264,270.0005556,6.000555556,No Parent
"1,408",EPP Sprint 8,Eurisko Platform Portal,7/31/2023,8/11/2023,8,972002,950400,-,-,active,EPP-138,FALSE,Task,0,To Do,not done,264,270.0005556,6.000555556,No Parent
"1,408",EPP Sprint 8,Eurisko Platform Portal,7/31/2023,8/11/2023,5,972002,950400,-,-,active,EPP-136,FALSE,Task,"14,400",Done,done,264,270.0005556,6.000555556,No Parent
"1,407",HIVERSE - Sprint 79,Hiverse,7/27/2023,8/3/2023,0,0,0,-,-,active,HIVERSE-9683,FALSE,Bug,"5,400",In Progress,not done,0,0,0,No Parent
"1,407",HIVERSE - Sprint 79,Hiverse,7/27/2023,8/3/2023,0,0,0,-,-,active,HIVERSE-9595,FALSE,Bug,0,To Do,not done,0,0,0,No Parent
"1,407",HIVERSE - Sprint 79,Hiverse,7/27/2023,8/3/2023,0,0,0,-,-,active,HIVERSE-9760,FALSE,Bug,0,To Do,not done,0,0,0,No Parent
"1,407",HIVERSE - Sprint 79,Hiverse,7/27/2023,8/3/2023,0,0,0,-,-,active,HIVERSE-9761,FALSE,Bug,0,To Do,not done,0,0,0,No Parent
"1,407",HIVERSE - Sprint 79,Hiverse,7/27/2023,8/3/2023,0,0,0,-,-,active,HIVERSE-9762,FALSE,Bug,0,To Do,not done,0,0,0,No Parent
"1,407",HIVERSE - Sprint 79,Hiverse,7/27/2023,8/3/2023,0,0,0,-,-,active,HIVERSE-9593,FALSE,Story,0,To Do,not done,0,0,0,No Parent
"1,407",HIVERSE - Sprint 79,Hiverse,7/27/2023,8/3/2023,0,0,0,-,-,active,HIVERSE-9594,FALSE,Story,0,To Do,not done,0,0,0,No Parent
"1,407",HIVERSE - Sprint 79,Hiverse,7/27/2023,8/3/2023,0,949035,604748,-,-,active,HIVERSE-9755,FALSE,Story,0,To Do,not done,167.9855556,263.6208333,95.63527778,No Parent
"1,407",HIVERSE - Sprint 79,Hiverse,7/27/2023,8/3/2023,0,949035,604748,-,-,active,HIVERSE-9592,FALSE,Story,0,To Do,not done,167.9855556,263.6208333,95.63527778,No Parent
"1,407",HIVERSE - Sprint 79,Hiverse,7/27/2023,8/3/2023,3,1118233,604748,-,-,active,HIVERSE-9501,FALSE,Story,0,In Progress,not done,167.9855556,310.6202778,142.6347222,No Parent
"1,407",HIVERSE - Sprint 79,Hiverse,7/27/2023,8/3/2023,5,1118233,604748,-,-,active,HIVERSE-9504,FALSE,Story,0,To Do,not done,167.9855556,310.6202778,142.6347222,No Parent
"1,407",HIVERSE - Sprint 79,Hiverse,7/27/2023,8/3/2023,0,1229835,604748,-,-,active,HIVERSE-9660,FALSE,Bug,"10,800",Q.A Testing,not done,167.9855556,341.6208333,173.6352778,No Parent
"1,407",HIVERSE - Sprint 79,Hiverse,7/27/2023,8/3/2023,0,2155033,604748,-,-,active,HIVERSE-9842,FALSE,Bug,0,To Do,not done,167.9855556,598.6202778,430.6347222,No Parent
"1,407",HIVERSE - Sprint 79,Hiverse,7/27/2023,8/3/2023,1,1913833,604748,-,-,active,HIVERSE-9268,FALSE,Story,0,To Do,not done,167.9855556,531.6202778,363.6347222,No Parent
"1,407",HIVERSE - Sprint 79,Hiverse,7/27/2023,8/3/2023,0,1723034,604748,-,-,active,HIVERSE-9689,FALSE,Story,0,To Do,not done,167.9855556,478.6205556,310.635,No Parent
"1,407",HIVERSE - Sprint 79,Hiverse,7/27/2023,8/3/2023,0,2777832,604748,-,-,active,HIVERSE-9875,FALSE,Story,0,To Do,not done,167.9855556,771.62,603.6344444,No Parent
"1,407",HIVERSE - Sprint 79,Hiverse,7/27/2023,8/3/2023,8,2849832,604748,-,-,active,HIVERSE-9713,FALSE,Story,0,In Progress,not done,167.9855556,791.62,623.6344444,No Parent
"1,407",HIVERSE - Sprint 79,Hiverse,7/27/2023,8/3/2023,1,2849832,604748,-,-,active,HIVERSE-9152,FALSE,Story,"3,600",Q.A Testing,not done,167.9855556,791.62,623.6344444,No Parent
"1,407",HIVERSE - Sprint 79,Hiverse,7/27/2023,8/3/2023,0,2849832,604748,-,-,active,HIVERSE-9360,FALSE,Bug,0,To Do,not done,167.9855556,791.62,623.6344444,No Parent
"1,407",HIVERSE - Sprint 79,Hiverse,7/27/2023,8/3/2023,0,2849832,604748,-,-,active,HIVERSE-9465,FALSE,Bug,0,Done,done,167.9855556,791.62,623.6344444,No Parent
"1,407",HIVERSE - Sprint 79,Hiverse,7/27/2023,8/3/2023,0,2849832,604748,-,-,active,HIVERSE-9496,FALSE,Bug,0,To Do,not done,167.9855556,791.62,623.6344444,No Parent
"1,407",HIVERSE - Sprint 79,Hiverse,7/27/2023,8/3/2023,0,2849832,604748,-,-,active,HIVERSE-9533,FALSE,Bug,0,To Do,not done,167.9855556,791.62,623.6344444,No Parent
"1,407",HIVERSE - Sprint 79,Hiverse,7/27/2023,8/3/2023,3,2849832,604748,-,-,active,HIVERSE-9626,FALSE,Story,"10,800",Q.A Testing,not done,167.9855556,791.62,623.6344444,No Parent
"1,407",HIVERSE - Sprint 79,Hiverse,7/27/2023,8/3/2023,3,2849832,604748,-,-,active,HIVERSE-9613,FALSE,Story,"10,800",Q.A Testing,not done,167.9855556,791.62,623.6344444,No Parent
"1,407",HIVERSE - Sprint 79,Hiverse,7/27/2023,8/3/2023,13,2849832,604748,-,-,active,HIVERSE-9628,FALSE,Story,"57,600",Development Completed,not done,167.9855556,791.62,623.6344444,No Parent
"1,407",HIVERSE - Sprint 79,Hiverse,7/27/2023,8/3/2023,0,2849832,604748,-,-,active,HIVERSE-9633,FALSE,Bug,"1,800",Q.A Testing,not done,167.9855556,791.62,623.6344444,No Parent
"1,407",HIVERSE - Sprint 79,Hiverse,7/27/2023,8/3/2023,13,2849832,604748,-,-,active,HIVERSE-9640,FALSE,Story,"48,600",Q.A Testing,not done,167.9855556,791.62,623.6344444,No Parent
"1,407",HIVERSE - Sprint 79,Hiverse,7/27/2023,8/3/2023,13,2849832,604748,-,-,active,HIVERSE-9641,FALSE,Story,"38,400",Development Completed,not done,167.9855556,791.62,623.6344444,No Parent
"1,407",HIVERSE - Sprint 79,Hiverse,7/27/2023,8/3/2023,0,2849832,604748,-,-,active,HIVERSE-9655,FALSE,Bug,300,Done,done,167.9855556,791.62,623.6344444,No Parent
"1,407",HIVERSE - Sprint 79,Hiverse,7/27/2023,8/3/2023,0,2849832,604748,-,-,active,HIVERSE-9657,FALSE,Bug,"1,800",Done,done,167.9855556,791.62,623.6344444,No Parent
"1,407",HIVERSE - Sprint 79,Hiverse,7/27/2023,8/3/2023,0,2849832,604748,-,-,active,HIVERSE-9659,FALSE,Task,"3,600",Done,done,167.9855556,791.62,623.6344444,No Parent
"1,407",HIVERSE - Sprint 79,Hiverse,7/27/2023,8/3/2023,0,2849832,604748,-,-,active,HIVERSE-9661,FALSE,Bug,"2,700",Done,done,167.9855556,791.62,623.6344444,No Parent
"1,407",HIVERSE - Sprint 79,Hiverse,7/27/2023,8/3/2023,0,2849832,604748,-,-,active,HIVERSE-9662,FALSE,Bug,900,Q.A Testing,not done,167.9855556,791.62,623.6344444,No Parent
"1,407",HIVERSE - Sprint 79,Hiverse,7/27/2023,8/3/2023,13,2849832,604748,-,-,active,HIVERSE-9669,FALSE,Story,"21,600",Development Completed,not done,167.9855556,791.62,623.6344444,No Parent
"1,407",HIVERSE - Sprint 79,Hiverse,7/27/2023,8/3/2023,0,2849832,604748,HIVERSE-9669,84897,active,HIVERSE-9692,TRUE,Sub-task,"21,600",Development Completed,not done,167.9855556,791.62,623.6344444,contains Parent
"1,407",HIVERSE - Sprint 79,Hiverse,7/27/2023,8/3/2023,13,2849832,604748,-,-,active,HIVERSE-9671,FALSE,Story,"50,400",Q.A Testing,not done,167.9855556,791.62,623.6344444,No Parent
"1,407",HIVERSE - Sprint 79,Hiverse,7/27/2023,8/3/2023,0,2849832,604748,HIVERSE-9671,84899,active,HIVERSE-9704,TRUE,Sub-task,"14,400",Q.A Testing,not done,167.9855556,791.62,623.6344444,contains Parent
"1,407",HIVERSE - Sprint 79,Hiverse,7/27/2023,8/3/2023,0,2849832,604748,-,-,active,HIVERSE-9675,FALSE,Bug,"5,400",Done,done,167.9855556,791.62,623.6344444,No Parent
"1,407",HIVERSE - Sprint 79,Hiverse,7/27/2023,8/3/2023,0,2849832,604748,-,-,active,HIVERSE-9685,FALSE,Bug,"5,400",Done,done,167.9855556,791.62,623.6344444,No Parent
"1,407",HIVERSE - Sprint 79,Hiverse,7/27/2023,8/3/2023,0,2849832,604748,-,-,active,HIVERSE-9686,FALSE,Bug,"1,800",Q.A Testing,not done,167.9855556,791.62,623.6344444,No Parent
"1,407",HIVERSE - Sprint 79,Hiverse,7/27/2023,8/3/2023,0,2849832,604748,-,-,active,HIVERSE-9687,FALSE,Bug,0,Done,done,167.9855556,791.62,623.6344444,No Parent
"1,407",HIVERSE - Sprint 79,Hiverse,7/27/2023,8/3/2023,0,2849832,604748,-,-,active,HIVERSE-9538,FALSE,Bug,"5,400",Q.A Testing,not done,167.9855556,791.62,623.6344444,No Parent
"1,407",HIVERSE - Sprint 79,Hiverse,7/27/2023,8/3/2023,5,2849832,604748,-,-,active,HIVERSE-9698,FALSE,Story,"19,800",Q.A Testing,not done,167.9855556,791.62,623.6344444,No Parent
"1,407",HIVERSE - Sprint 79,Hiverse,7/27/2023,8/3/2023,8,2849832,604748,-,-,active,HIVERSE-9695,FALSE,Story,"21,600",Q.A Testing,not done,167.9855556,791.62,623.6344444,No Parent
"1,407",HIVERSE - Sprint 79,Hiverse,7/27/2023,8/3/2023,5,2849832,604748,-,-,active,HIVERSE-9696,FALSE,Story,"12,000",Development Completed,not done,167.9855556,791.62,623.6344444,No Parent
"1,407",HIVERSE - Sprint 79,Hiverse,7/27/2023,8/3/2023,5,2849832,604748,-,-,active,HIVERSE-9697,FALSE,Story,"12,600",Q.A Testing,not done,167.9855556,791.62,623.6344444,No Parent
"1,407",HIVERSE - Sprint 79,Hiverse,7/27/2023,8/3/2023,2,2849832,604748,-,-,active,HIVERSE-9499,FALSE,Story,"7,200",Q.A Testing,not done,167.9855556,791.62,623.6344444,No Parent
"1,407",HIVERSE - Sprint 79,Hiverse,7/27/2023,8/3/2023,2,2849832,604748,-,-,active,HIVERSE-9500,FALSE,Story,"3,600",Q.A Testing,not done,167.9855556,791.62,623.6344444,No Parent
"1,407",HIVERSE - Sprint 79,Hiverse,7/27/2023,8/3/2023,3,2849832,604748,-,-,active,HIVERSE-9502,FALSE,Story,"10,800",Q.A Testing,not done,167.9855556,791.62,623.6344444,No Parent
"1,407",HIVERSE - Sprint 79,Hiverse,7/27/2023,8/3/2023,5,2849832,604748,-,-,active,HIVERSE-9699,FALSE,Story,"9,000",Q.A Testing,not done,167.9855556,791.62,623.6344444,No Parent
"1,407",HIVERSE - Sprint 79,Hiverse,7/27/2023,8/3/2023,3,2849832,604748,-,-,active,HIVERSE-9705,FALSE,Story,"10,800",Q.A Testing,not done,167.9855556,791.62,623.6344444,No Parent
"1,407",HIVERSE - Sprint 79,Hiverse,7/27/2023,8/3/2023,5,2849832,604748,-,-,active,HIVERSE-9700,FALSE,Story,"14,400",Development Completed,not done,167.9855556,791.62,623.6344444,No Parent
"1,407",HIVERSE - Sprint 79,Hiverse,7/27/2023,8/3/2023,1,2849832,604748,-,-,active,HIVERSE-9706,FALSE,Story,"3,600",Q.A Testing,not done,167.9855556,791.62,623.6344444,No Parent
"1,407",HIVERSE - Sprint 79,Hiverse,7/27/2023,8/3/2023,1,2849832,604748,-,-,active,HIVERSE-9707,FALSE,Story,0,Q.A Testing,not done,167.9855556,791.62,623.6344444,No Parent
"1,407",HIVERSE - Sprint 79,Hiverse,7/27/2023,8/3/2023,8,2849832,604748,-,-,active,HIVERSE-9701,FALSE,Story,"32,400",Development Completed,not done,167.9855556,791.62,623.6344444,No Parent
"1,407",HIVERSE - Sprint 79,Hiverse,7/27/2023,8/3/2023,13,2849832,604748,-,-,active,HIVERSE-9607,FALSE,Story,"10,800",Development Completed,not done,167.9855556,791.62,623.6344444,No Parent
"1,407",HIVERSE - Sprint 79,Hiverse,7/27/2023,8/3/2023,13,2849832,604748,-,-,active,HIVERSE-9606,FALSE,Story,"36,000",Q.A Testing,not done,167.9855556,791.62,623.6344444,No Parent
"1,407",HIVERSE - Sprint 79,Hiverse,7/27/2023,8/3/2023,13,2849832,604748,-,-,active,HIVERSE-9608,FALSE,Story,"61,200",Q.A. Testing,not done,167.9855556,791.62,623.6344444,No Parent
"1,407",HIVERSE - Sprint 79,Hiverse,7/27/2023,8/3/2023,13,2849832,604748,-,-,active,HIVERSE-9702,FALSE,Story,"68,400",Development Completed,not done,167.9855556,791.62,623.6344444,No Parent
"1,407",HIVERSE - Sprint 79,Hiverse,7/27/2023,8/3/2023,8,2849832,604748,-,-,active,HIVERSE-9703,FALSE,Story,"28,800",Development Completed,not done,167.9855556,791.62,623.6344444,No Parent
"1,407",HIVERSE - Sprint 79,Hiverse,7/27/2023,8/3/2023,0,2849832,604748,-,-,active,HIVERSE-9412,FALSE,Bug,0,In Progress,not done,167.9855556,791.62,623.6344444,No Parent
"1,407",HIVERSE - Sprint 79,Hiverse,7/27/2023,8/3/2023,8,2849832,604748,-,-,active,HIVERSE-9708,FALSE,Story,"28,800",Q.A Testing,not done,167.9855556,791.62,623.6344444,No Parent
"1,407",HIVERSE - Sprint 79,Hiverse,7/27/2023,8/3/2023,5,2849832,604748,-,-,active,HIVERSE-9709,FALSE,Story,"10,800",Q.A Testing,not done,167.9855556,791.62,623.6344444,No Parent
"1,407",HIVERSE - Sprint 79,Hiverse,7/27/2023,8/3/2023,8,2849832,604748,-,-,active,HIVERSE-9651,FALSE,Story,"28,800",Done,done,167.9855556,791.62,623.6344444,No Parent
"1,407",HIVERSE - Sprint 79,Hiverse,7/27/2023,8/3/2023,0,2849832,604748,HIVERSE-9651,84787,active,HIVERSE-9714,TRUE,Sub-task,0,Done,done,167.9855556,791.62,623.6344444,contains Parent
"1,407",HIVERSE - Sprint 79,Hiverse,7/27/2023,8/3/2023,0,2849832,604748,HIVERSE-9651,84787,active,HIVERSE-9715,TRUE,Sub-task,0,Done,done,167.9855556,791.62,623.6344444,contains Parent
"1,407",HIVERSE - Sprint 79,Hiverse,7/27/2023,8/3/2023,5,2849832,604748,-,-,active,HIVERSE-9652,FALSE,Story,"18,000",Done,done,167.9855556,791.62,623.6344444,No Parent
"1,407",HIVERSE - Sprint 79,Hiverse,7/27/2023,8/3/2023,5,2849832,604748,-,-,active,HIVERSE-9653,FALSE,Story,"18,000",Done,done,167.9855556,791.62,623.6344444,No Parent
"1,407",HIVERSE - Sprint 79,Hiverse,7/27/2023,8/3/2023,8,2849832,604748,-,-,active,HIVERSE-9654,FALSE,Story,"28,800",Done,done,167.9855556,791.62,623.6344444,No Parent
"1,407",HIVERSE - Sprint 79,Hiverse,7/27/2023,8/3/2023,8,2849832,604748,-,-,active,HIVERSE-9710,FALSE,Story,"19,200",Blocked,not done,167.9855556,791.62,623.6344444,No Parent
"1,407",HIVERSE - Sprint 79,Hiverse,7/27/2023,8/3/2023,8,2849832,604748,-,-,active,HIVERSE-9711,FALSE,Story,"32,400",Blocked,not done,167.9855556,791.62,623.6344444,No Parent
"1,407",HIVERSE - Sprint 79,Hiverse,7/27/2023,8/3/2023,13,2849832,604748,-,-,active,HIVERSE-9712,FALSE,Story,"39,600",Blocked,not done,167.9855556,791.62,623.6344444,No Parent
"1,407",HIVERSE - Sprint 79,Hiverse,7/27/2023,8/3/2023,5,2849832,604748,-,-,active,HIVERSE-9716,FALSE,Story,"14,400",Development Completed,not done,167.9855556,791.62,623.6344444,No Parent
"1,407",HIVERSE - Sprint 79,Hiverse,7/27/2023,8/3/2023,1,2849832,604748,-,-,active,HIVERSE-9717,FALSE,Task,"3,600",Q.A Testing,not done,167.9855556,791.62,623.6344444,No Parent
"1,407",HIVERSE - Sprint 79,Hiverse,7/27/2023,8/3/2023,3,2849832,604748,-,-,active,HIVERSE-9722,FALSE,Story,"9,000",Q.A Testing,not done,167.9855556,791.62,623.6344444,No Parent
"1,407",HIVERSE - Sprint 79,Hiverse,7/27/2023,8/3/2023,3,2849832,604748,-,-,active,HIVERSE-9723,FALSE,Story,"10,800",Q.A. Testing,not done,167.9855556,791.62,623.6344444,No Parent
"1,407",HIVERSE - Sprint 79,Hiverse,7/27/2023,8/3/2023,13,2849832,604748,-,-,active,HIVERSE-9724,FALSE,Story,"36,000",Development Completed,not done,167.9855556,791.62,623.6344444,No Parent
"1,407",HIVERSE - Sprint 79,Hiverse,7/27/2023,8/3/2023,1,2849832,604748,-,-,active,HIVERSE-9725,FALSE,Story,0,Q.A Testing,not done,167.9855556,791.62,623.6344444,No Parent
"1,407",HIVERSE - Sprint 79,Hiverse,7/27/2023,8/3/2023,2,2849832,604748,-,-,active,HIVERSE-9726,FALSE,Story,"5,400",Q.A Testing,not done,167.9855556,791.62,623.6344444,No Parent
"1,407",HIVERSE - Sprint 79,Hiverse,7/27/2023,8/3/2023,0,2849832,604748,-,-,active,HIVERSE-9727,FALSE,Bug,0,To Do,not done,167.9855556,791.62,623.6344444,No Parent
"1,407",HIVERSE - Sprint 79,Hiverse,7/27/2023,8/3/2023,3,2849832,604748,-,-,active,HIVERSE-9730,FALSE,Story,0,Q.A Testing,not done,167.9855556,791.62,623.6344444,No Parent
"1,407",HIVERSE - Sprint 79,Hiverse,7/27/2023,8/3/2023,0,2849832,604748,-,-,active,HIVERSE-9743,FALSE,Story,"14,400",Q.A Testing,not done,167.9855556,791.62,623.6344444,No Parent
"1,407",HIVERSE - Sprint 79,Hiverse,7/27/2023,8/3/2023,3,2849832,604748,-,-,active,HIVERSE-9744,FALSE,Story,"9,000",Q.A Testing,not done,167.9855556,791.62,623.6344444,No Parent
"1,407",HIVERSE - Sprint 79,Hiverse,7/27/2023,8/3/2023,8,2849832,604748,-,-,active,HIVERSE-9745,FALSE,Story,"28,800",Done,done,167.9855556,791.62,623.6344444,No Parent
"1,407",HIVERSE - Sprint 79,Hiverse,7/27/2023,8/3/2023,1,2849832,604748,-,-,active,HIVERSE-9747,FALSE,Story,"1,200",Development Completed,not done,167.9855556,791.62,623.6344444,No Parent
"1,407",HIVERSE - Sprint 79,Hiverse,7/27/2023,8/3/2023,13,2849832,604748,-,-,active,HIVERSE-9748,FALSE,Story,"41,400",Q.A Testing,not done,167.9855556,791.62,623.6344444,No Parent
"1,407",HIVERSE - Sprint 79,Hiverse,7/27/2023,8/3/2023,0,2849832,604748,-,-,active,HIVERSE-9684,FALSE,Bug,0,Q.A Testing,not done,167.9855556,791.62,623.6344444,No Parent
"1,407",HIVERSE - Sprint 79,Hiverse,7/27/2023,8/3/2023,0,2849832,604748,-,-,active,HIVERSE-9691,FALSE,Bug,0,To Do,not done,167.9855556,791.62,623.6344444,No Parent
"1,407",HIVERSE - Sprint 79,Hiverse,7/27/2023,8/3/2023,0,2849832,604748,-,-,active,HIVERSE-9694,FALSE,Bug,0,To Do,not done,167.9855556,791.62,623.6344444,No Parent
"1,407",HIVERSE - Sprint 79,Hiverse,7/27/2023,8/3/2023,0,2849832,604748,-,-,active,HIVERSE-9719,FALSE,Bug,0,Q.A Testing,not done,167.9855556,791.62,623.6344444,No Parent
"1,407",HIVERSE - Sprint 79,Hiverse,7/27/2023,8/3/2023,0,2849832,604748,-,-,active,HIVERSE-9718,FALSE,Bug,900,Done,done,167.9855556,791.62,623.6344444,No Parent
"1,407",HIVERSE - Sprint 79,Hiverse,7/27/2023,8/3/2023,0,2849832,604748,-,-,active,HIVERSE-9737,FALSE,Bug,"1,800",Done,done,167.9855556,791.62,623.6344444,No Parent
"1,407",HIVERSE - Sprint 79,Hiverse,7/27/2023,8/3/2023,0,2849832,604748,-,-,active,HIVERSE-9738,FALSE,Bug,0,To Do,not done,167.9855556,791.62,623.6344444,No Parent
"1,407",HIVERSE - Sprint 79,Hiverse,7/27/2023,8/3/2023,0,2849832,604748,-,-,active,HIVERSE-9632,FALSE,Bug,"3,600",Q.A Testing,not done,167.9855556,791.62,623.6344444,No Parent
"1,407",HIVERSE - Sprint 79,Hiverse,7/27/2023,8/3/2023,0,2849832,604748,-,-,active,HIVERSE-9602,FALSE,Bug,"1,800",Done,done,167.9855556,791.62,623.6344444,No Parent
"1,407",HIVERSE - Sprint 79,Hiverse,7/27/2023,8/3/2023,0,2849832,604748,-,-,active,HIVERSE-9599,FALSE,Bug,900,Q.A Testing,not done,167.9855556,791.62,623.6344444,No Parent
"1,407",HIVERSE - Sprint 79,Hiverse,7/27/2023,8/3/2023,0,2849832,604748,-,-,active,HIVERSE-9596,FALSE,Bug,0,To Do,not done,167.9855556,791.62,623.6344444,No Parent
"1,407",HIVERSE - Sprint 79,Hiverse,7/27/2023,8/3/2023,0,2849832,604748,-,-,active,HIVERSE-9591,FALSE,Bug,900,Done,done,167.9855556,791.62,623.6344444,No Parent
"1,407",HIVERSE - Sprint 79,Hiverse,7/27/2023,8/3/2023,0,2849832,604748,-,-,active,HIVERSE-9597,FALSE,Bug,0,To Do,not done,167.9855556,791.62,623.6344444,No Parent
"1,407",HIVERSE - Sprint 79,Hiverse,7/27/2023,8/3/2023,0,2849832,604748,-,-,active,HIVERSE-9590,FALSE,Bug,"3,600",To Do,not done,167.9855556,791.62,623.6344444,No Parent
"1,407",HIVERSE - Sprint 79,Hiverse,7/27/2023,8/3/2023,0,2849832,604748,-,-,active,HIVERSE-9587,FALSE,Bug,"3,600",Done,done,167.9855556,791.62,623.6344444,No Parent
"1,407",HIVERSE - Sprint 79,Hiverse,7/27/2023,8/3/2023,0,2849832,604748,-,-,active,HIVERSE-9586,FALSE,Bug,"1,800",Done,done,167.9855556,791.62,623.6344444,No Parent
"1,407",HIVERSE - Sprint 79,Hiverse,7/27/2023,8/3/2023,0,2849832,604748,-,-,active,HIVERSE-9588,FALSE,Bug,"3,600",Done,done,167.9855556,791.62,623.6344444,No Parent
"1,407",HIVERSE - Sprint 79,Hiverse,7/27/2023,8/3/2023,0,2849832,604748,-,-,active,HIVERSE-9589,FALSE,Task,600,Development Completed,not done,167.9855556,791.62,623.6344444,No Parent
"1,407",HIVERSE - Sprint 79,Hiverse,7/27/2023,8/3/2023,0,2849832,604748,-,-,active,HIVERSE-9631,FALSE,Bug,"1,800",Q.A Testing,not done,167.9855556,791.62,623.6344444,No Parent
"1,407",HIVERSE - Sprint 79,Hiverse,7/27/2023,8/3/2023,3,2849832,604748,-,-,active,HIVERSE-9758,FALSE,Story,"10,800",Q.A Testing,not done,167.9855556,791.62,623.6344444,No Parent
"1,407",HIVERSE - Sprint 79,Hiverse,7/27/2023,8/3/2023,2,2849832,604748,-,-,active,HIVERSE-9765,FALSE,Story,"1,800",Q.A Testing,not done,167.9855556,791.62,623.6344444,No Parent
"1,407",HIVERSE - Sprint 79,Hiverse,7/27/2023,8/3/2023,1,2849832,604748,-,-,active,HIVERSE-9766,FALSE,Story,0,Q.A Testing,not done,167.9855556,791.62,623.6344444,No Parent
"1,407",HIVERSE - Sprint 79,Hiverse,7/27/2023,8/3/2023,3,2849832,604748,-,-,active,HIVERSE-9788,FALSE,Story,"10,800",Q.A Testing,not done,167.9855556,791.62,623.6344444,No Parent
"1,407",HIVERSE - Sprint 79,Hiverse,7/27/2023,8/3/2023,2,2849832,604748,-,-,active,HIVERSE-9789,FALSE,Story,"3,600",Q.A Testing,not done,167.9855556,791.62,623.6344444,No Parent
"1,407",HIVERSE - Sprint 79,Hiverse,7/27/2023,8/3/2023,3,2849832,604748,-,-,active,HIVERSE-9790,FALSE,Story,"10,800",Q.A Testing,not done,167.9855556,791.62,623.6344444,No Parent
"1,407",HIVERSE - Sprint 79,Hiverse,7/27/2023,8/3/2023,3,2849832,604748,-,-,active,HIVERSE-9791,FALSE,Story,"8,100",Q.A Testing,not done,167.9855556,791.62,623.6344444,No Parent
"1,407",HIVERSE - Sprint 79,Hiverse,7/27/2023,8/3/2023,1,2849832,604748,-,-,active,HIVERSE-9792,FALSE,Story,900,Q.A Testing,not done,167.9855556,791.62,623.6344444,No Parent
"1,407",HIVERSE - Sprint 79,Hiverse,7/27/2023,8/3/2023,5,2849832,604748,-,-,active,HIVERSE-9794,FALSE,Story,"21,600",Q.A Testing,not done,167.9855556,791.62,623.6344444,No Parent
"1,407",HIVERSE - Sprint 79,Hiverse,7/27/2023,8/3/2023,8,2849832,604748,-,-,active,HIVERSE-9795,FALSE,Story,"28,800",Q.A Testing,not done,167.9855556,791.62,623.6344444,No Parent
"1,407",HIVERSE - Sprint 79,Hiverse,7/27/2023,8/3/2023,0,2849832,604748,-,-,active,HIVERSE-9796,FALSE,Task,600,Q.A Testing,not done,167.9855556,791.62,623.6344444,No Parent
"1,407",HIVERSE - Sprint 79,Hiverse,7/27/2023,8/3/2023,8,2849832,604748,-,-,active,HIVERSE-9797,FALSE,Story,"21,600",Q.A Testing,not done,167.9855556,791.62,623.6344444,No Parent
"1,407",HIVERSE - Sprint 79,Hiverse,7/27/2023,8/3/2023,3,2849832,604748,-,-,active,HIVERSE-9798,FALSE,Story,"14,400",Q.A Testing,not done,167.9855556,791.62,623.6344444,No Parent
"1,407",HIVERSE - Sprint 79,Hiverse,7/27/2023,8/3/2023,3,2849832,604748,-,-,active,HIVERSE-9799,FALSE,Story,"10,800",Q.A Testing,not done,167.9855556,791.62,623.6344444,No Parent
"1,407",HIVERSE - Sprint 79,Hiverse,7/27/2023,8/3/2023,3,2849832,604748,-,-,active,HIVERSE-9800,FALSE,Story,"10,800",Q.A Testing,not done,167.9855556,791.62,623.6344444,No Parent
"1,407",HIVERSE - Sprint 79,Hiverse,7/27/2023,8/3/2023,1,2849832,604748,-,-,active,HIVERSE-9801,FALSE,Story,"1,800",Q.A Testing,not done,167.9855556,791.62,623.6344444,No Parent
"1,407",HIVERSE - Sprint 79,Hiverse,7/27/2023,8/3/2023,3,2849832,604748,-,-,active,HIVERSE-9802,FALSE,Story,"18,000",Q.A Testing,not done,167.9855556,791.62,623.6344444,No Parent
"1,407",HIVERSE - Sprint 79,Hiverse,7/27/2023,8/3/2023,8,2849832,604748,-,-,active,HIVERSE-9803,FALSE,Story,"28,800",Done,done,167.9855556,791.62,623.6344444,No Parent
"1,407",HIVERSE - Sprint 79,Hiverse,7/27/2023,8/3/2023,8,2849832,604748,-,-,active,HIVERSE-9804,FALSE,Story,"28,800",Done,done,167.9855556,791.62,623.6344444,No Parent
"1,407",HIVERSE - Sprint 79,Hiverse,7/27/2023,8/3/2023,5,2849832,604748,-,-,active,HIVERSE-9805,FALSE,Story,"18,000",Done,done,167.9855556,791.62,623.6344444,No Parent
"1,407",HIVERSE - Sprint 79,Hiverse,7/27/2023,8/3/2023,0,2849832,604748,-,-,active,HIVERSE-9812,FALSE,Bug,"3,600",Development Completed,not done,167.9855556,791.62,623.6344444,No Parent
"1,407",HIVERSE - Sprint 79,Hiverse,7/27/2023,8/3/2023,8,2849832,604748,-,-,active,HIVERSE-9815,FALSE,Story,"18,000",Done,done,167.9855556,791.62,623.6344444,No Parent
"1,407",HIVERSE - Sprint 79,Hiverse,7/27/2023,8/3/2023,3,2849832,604748,-,-,active,HIVERSE-9817,FALSE,Story,"7,200",Development Completed,not done,167.9855556,791.62,623.6344444,No Parent
"1,407",HIVERSE - Sprint 79,Hiverse,7/27/2023,8/3/2023,3,2849832,604748,-,-,active,HIVERSE-9818,FALSE,Story,"9,000",Development Completed,not done,167.9855556,791.62,623.6344444,No Parent
"1,407",HIVERSE - Sprint 79,Hiverse,7/27/2023,8/3/2023,3,2849832,604748,-,-,active,HIVERSE-9822,FALSE,Story,"10,800",Q.A Testing,not done,167.9855556,791.62,623.6344444,No Parent
"1,407",HIVERSE - Sprint 79,Hiverse,7/27/2023,8/3/2023,13,2849832,604748,-,-,active,HIVERSE-9823,FALSE,Story,"75,600",Done,done,167.9855556,791.62,623.6344444,No Parent
"1,407",HIVERSE - Sprint 79,Hiverse,7/27/2023,8/3/2023,8,2849832,604748,-,-,active,HIVERSE-9831,FALSE,Story,"28,800",Q.A Testing,not done,167.9855556,791.62,623.6344444,No Parent
"1,407",HIVERSE - Sprint 79,Hiverse,7/27/2023,8/3/2023,1,2849832,604748,-,-,active,HIVERSE-9832,FALSE,Story,"3,600",Q.A Testing,not done,167.9855556,791.62,623.6344444,No Parent
"1,407",HIVERSE - Sprint 79,Hiverse,7/27/2023,8/3/2023,3,2849832,604748,-,-,active,HIVERSE-9833,FALSE,Story,"9,000",Q.A Testing,not done,167.9855556,791.62,623.6344444,No Parent
"1,407",HIVERSE - Sprint 79,Hiverse,7/27/2023,8/3/2023,0,2849832,604748,-,-,active,HIVERSE-9838,FALSE,Bug,"3,600",Q.A Testing,not done,167.9855556,791.62,623.6344444,No Parent
"1,407",HIVERSE - Sprint 79,Hiverse,7/27/2023,8/3/2023,0,2849832,604748,-,-,active,HIVERSE-9839,FALSE,Bug,600,Q.A Testing,not done,167.9855556,791.62,623.6344444,No Parent
"1,407",HIVERSE - Sprint 79,Hiverse,7/27/2023,8/3/2023,0,2849832,604748,-,-,active,HIVERSE-9840,FALSE,Bug,0,Q.A Testing,not done,167.9855556,791.62,623.6344444,No Parent
"1,407",HIVERSE - Sprint 79,Hiverse,7/27/2023,8/3/2023,0,2849832,604748,-,-,active,HIVERSE-9841,FALSE,Bug,"12,600",Q.A Testing,not done,167.9855556,791.62,623.6344444,No Parent
"1,407",HIVERSE - Sprint 79,Hiverse,7/27/2023,8/3/2023,0,2849832,604748,-,-,active,HIVERSE-9843,FALSE,Bug,"1,800",Q.A Testing,not done,167.9855556,791.62,623.6344444,No Parent
"1,407",HIVERSE - Sprint 79,Hiverse,7/27/2023,8/3/2023,0,2849832,604748,-,-,active,HIVERSE-9844,FALSE,Bug,0,To Do,not done,167.9855556,791.62,623.6344444,No Parent
"1,407",HIVERSE - Sprint 79,Hiverse,7/27/2023,8/3/2023,0,2849832,604748,-,-,active,HIVERSE-9845,FALSE,Bug,0,To Do,not done,167.9855556,791.62,623.6344444,No Parent
"1,407",HIVERSE - Sprint 79,Hiverse,7/27/2023,8/3/2023,0,2849832,604748,-,-,active,HIVERSE-9846,FALSE,Bug,"9,000",Development Completed,not done,167.9855556,791.62,623.6344444,No Parent
"1,407",HIVERSE - Sprint 79,Hiverse,7/27/2023,8/3/2023,0,2849832,604748,-,-,active,HIVERSE-9847,FALSE,Task,600,Development Completed,not done,167.9855556,791.62,623.6344444,No Parent
"1,407",HIVERSE - Sprint 79,Hiverse,7/27/2023,8/3/2023,0,2849832,604748,-,-,active,HIVERSE-9848,FALSE,Task,"3,600",Q.A. Testing,not done,167.9855556,791.62,623.6344444,No Parent
"1,407",HIVERSE - Sprint 79,Hiverse,7/27/2023,8/3/2023,0,2849832,604748,-,-,active,HIVERSE-9849,FALSE,Bug,0,To Do,not done,167.9855556,791.62,623.6344444,No Parent
"1,407",HIVERSE - Sprint 79,Hiverse,7/27/2023,8/3/2023,0,2849832,604748,-,-,active,HIVERSE-9850,FALSE,Story,"7,200",In Progress,not done,167.9855556,791.62,623.6344444,No Parent
"1,407",HIVERSE - Sprint 79,Hiverse,7/27/2023,8/3/2023,0,2849832,604748,-,-,active,HIVERSE-9851,FALSE,Task,"7,200",Development Completed,not done,167.9855556,791.62,623.6344444,No Parent
"1,407",HIVERSE - Sprint 79,Hiverse,7/27/2023,8/3/2023,0,2849832,604748,-,-,active,HIVERSE-9852,FALSE,Task,"3,600",Done,done,167.9855556,791.62,623.6344444,No Parent
"1,407",HIVERSE - Sprint 79,Hiverse,7/27/2023,8/3/2023,1,2849832,604748,-,-,active,HIVERSE-9853,FALSE,Story,"1,200",Development Completed,not done,167.9855556,791.62,623.6344444,No Parent
"1,407",HIVERSE - Sprint 79,Hiverse,7/27/2023,8/3/2023,1,2849832,604748,-,-,active,HIVERSE-9854,FALSE,Story,"1,800",Q.A Testing,not done,167.9855556,791.62,623.6344444,No Parent
"1,407",HIVERSE - Sprint 79,Hiverse,7/27/2023,8/3/2023,0,2849832,604748,-,-,active,HIVERSE-9855,FALSE,Bug,0,Q.A Testing,not done,167.9855556,791.62,623.6344444,No Parent
"1,407",HIVERSE - Sprint 79,Hiverse,7/27/2023,8/3/2023,0,2849832,604748,-,-,active,HIVERSE-9856,FALSE,Bug,0,Q.A Testing,not done,167.9855556,791.62,623.6344444,No Parent
"1,407",HIVERSE - Sprint 79,Hiverse,7/27/2023,8/3/2023,0,2849832,604748,-,-,active,HIVERSE-9857,FALSE,Bug,0,Q.A Testing,not done,167.9855556,791.62,623.6344444,No Parent
"1,407",HIVERSE - Sprint 79,Hiverse,7/27/2023,8/3/2023,3,2849832,604748,-,-,active,HIVERSE-9858,FALSE,Story,"10,800",Q.A Testing,not done,167.9855556,791.62,623.6344444,No Parent
"1,407",HIVERSE - Sprint 79,Hiverse,7/27/2023,8/3/2023,0,2849832,604748,-,-,active,HIVERSE-9859,FALSE,Story,"3,600",Development Completed,not done,167.9855556,791.62,623.6344444,No Parent
"1,407",HIVERSE - Sprint 79,Hiverse,7/27/2023,8/3/2023,0,2849832,604748,-,-,active,HIVERSE-9860,FALSE,Story,900,Development Completed,not done,167.9855556,791.62,623.6344444,No Parent
"1,407",HIVERSE - Sprint 79,Hiverse,7/27/2023,8/3/2023,0,2849832,604748,-,-,active,HIVERSE-9861,FALSE,Story,"1,800",Q.A Testing,not done,167.9855556,791.62,623.6344444,No Parent
"1,407",HIVERSE - Sprint 79,Hiverse,7/27/2023,8/3/2023,0,2849832,604748,-,-,active,HIVERSE-9862,FALSE,Task,600,Development Completed,not done,167.9855556,791.62,623.6344444,No Parent
"1,407",HIVERSE - Sprint 79,Hiverse,7/27/2023,8/3/2023,0,2849832,604748,-,-,active,HIVERSE-9863,FALSE,Task,"1,200",Q.A Testing,not done,167.9855556,791.62,623.6344444,No Parent
"1,407",HIVERSE - Sprint 79,Hiverse,7/27/2023,8/3/2023,3,2849832,604748,-,-,active,HIVERSE-9864,FALSE,Story,0,Pending Queue,not done,167.9855556,791.62,623.6344444,No Parent
"1,407",HIVERSE - Sprint 79,Hiverse,7/27/2023,8/3/2023,0,2849832,604748,-,-,active,HIVERSE-9865,FALSE,Story,0,Q.A. Testing,not done,167.9855556,791.62,623.6344444,No Parent
"1,407",HIVERSE - Sprint 79,Hiverse,7/27/2023,8/3/2023,0,2849832,604748,-,-,active,HIVERSE-9866,FALSE,Story,600,Development Completed,not done,167.9855556,791.62,623.6344444,No Parent
"1,407",HIVERSE - Sprint 79,Hiverse,7/27/2023,8/3/2023,0,2849832,604748,-,-,active,HIVERSE-9868,FALSE,Bug,0,To Do,not done,167.9855556,791.62,623.6344444,No Parent
"1,407",HIVERSE - Sprint 79,Hiverse,7/27/2023,8/3/2023,1,2849832,604748,-,-,active,HIVERSE-9869,FALSE,Story,"3,600",Q.A Testing,not done,167.9855556,791.62,623.6344444,No Parent
"1,407",HIVERSE - Sprint 79,Hiverse,7/27/2023,8/3/2023,0,2849832,604748,-,-,active,HIVERSE-9870,FALSE,Story,"7,200",Development Completed,not done,167.9855556,791.62,623.6344444,No Parent
"1,407",HIVERSE - Sprint 79,Hiverse,7/27/2023,8/3/2023,2,2849832,604748,-,-,active,HIVERSE-9871,FALSE,Story,"3,600",Blocked,not done,167.9855556,791.62,623.6344444,No Parent
"1,407",HIVERSE - Sprint 79,Hiverse,7/27/2023,8/3/2023,2,2849832,604748,-,-,active,HIVERSE-9872,FALSE,Story,0,Blocked,not done,167.9855556,791.62,623.6344444,No Parent
"1,407",HIVERSE - Sprint 79,Hiverse,7/27/2023,8/3/2023,1,2849832,604748,-,-,active,HIVERSE-9873,FALSE,Story,"3,600",Development Completed,not done,167.9855556,791.62,623.6344444,No Parent
"1,407",HIVERSE - Sprint 79,Hiverse,7/27/2023,8/3/2023,0,2849832,604748,-,-,active,HIVERSE-9876,FALSE,Story,0,To Do,not done,167.9855556,791.62,623.6344444,No Parent
"1,407",HIVERSE - Sprint 79,Hiverse,7/27/2023,8/3/2023,0,2849832,604748,-,-,active,HIVERSE-9877,FALSE,Task,600,Development Completed,not done,167.9855556,791.62,623.6344444,No Parent
"1,407",HIVERSE - Sprint 79,Hiverse,7/27/2023,8/3/2023,0,2849832,604748,-,-,active,HIVERSE-9878,FALSE,Task,600,Development Completed,not done,167.9855556,791.62,623.6344444,No Parent
"1,407",HIVERSE - Sprint 79,Hiverse,7/27/2023,8/3/2023,0,2849832,604748,-,-,active,HIVERSE-9880,FALSE,Story,0,To Do,not done,167.9855556,791.62,623.6344444,No Parent
"1,407",HIVERSE - Sprint 79,Hiverse,7/27/2023,8/3/2023,0,2849832,604748,-,-,active,HIVERSE-9881,FALSE,Story,0,Done,done,167.9855556,791.62,623.6344444,No Parent
"1,407",HIVERSE - Sprint 79,Hiverse,7/27/2023,8/3/2023,0,2849832,604748,-,-,active,HIVERSE-9882,FALSE,Bug,0,To Do,not done,167.9855556,791.62,623.6344444,No Parent
"1,407",HIVERSE - Sprint 79,Hiverse,7/27/2023,8/3/2023,0,2849832,604748,-,-,active,HIVERSE-9883,FALSE,Bug,0,Q.A Testing,not done,167.9855556,791.62,623.6344444,No Parent
"1,407",HIVERSE - Sprint 79,Hiverse,7/27/2023,8/3/2023,0,2849832,604748,-,-,active,HIVERSE-9884,FALSE,Bug,0,Q.A Testing,not done,167.9855556,791.62,623.6344444,No Parent
"1,407",HIVERSE - Sprint 79,Hiverse,7/27/2023,8/3/2023,0,2849832,604748,-,-,active,HIVERSE-9885,FALSE,Task,0,Development Completed,not done,167.9855556,791.62,623.6344444,No Parent
"1,407",HIVERSE - Sprint 79,Hiverse,7/27/2023,8/3/2023,0,2849832,604748,-,-,active,HIVERSE-9886,FALSE,Task,600,Development Completed,not done,167.9855556,791.62,623.6344444,No Parent
"1,407",HIVERSE - Sprint 79,Hiverse,7/27/2023,8/3/2023,0,2849832,604748,-,-,active,HIVERSE-9887,FALSE,Story,600,Pending Queue,not done,167.9855556,791.62,623.6344444,No Parent
"1,407",HIVERSE - Sprint 79,Hiverse,7/27/2023,8/3/2023,0,2849832,604748,-,-,active,HIVERSE-9888,FALSE,Story,"1,800",Development Completed,not done,167.9855556,791.62,623.6344444,No Parent
"1,407",HIVERSE - Sprint 79,Hiverse,7/27/2023,8/3/2023,0,2849832,604748,-,-,active,HIVERSE-9890,FALSE,Bug,"7,200",Development Completed,not done,167.9855556,791.62,623.6344444,No Parent
"1,407",HIVERSE - Sprint 79,Hiverse,7/27/2023,8/3/2023,0,2849832,604748,-,-,active,HIVERSE-9891,FALSE,Bug,"3,600",Development Completed,not done,167.9855556,791.62,623.6344444,No Parent
"1,407",HIVERSE - Sprint 79,Hiverse,7/27/2023,8/3/2023,2,2849832,604748,-,-,active,HIVERSE-9892,FALSE,Task,0,To Do,not done,167.9855556,791.62,623.6344444,No Parent
"1,407",HIVERSE - Sprint 79,Hiverse,7/27/2023,8/3/2023,0,2849832,604748,-,-,active,HIVERSE-9893,FALSE,Bug,300,Development Completed,not done,167.9855556,791.62,623.6344444,No Parent
"1,407",HIVERSE - Sprint 79,Hiverse,7/27/2023,8/3/2023,0,2849832,604748,-,-,active,HIVERSE-9894,FALSE,Bug,0,To Do,not done,167.9855556,791.62,623.6344444,No Parent
"1,407",HIVERSE - Sprint 79,Hiverse,7/27/2023,8/3/2023,5,2849832,604748,-,-,active,HIVERSE-9895,FALSE,Story,0,To Do,not done,167.9855556,791.62,623.6344444,No Parent
"1,407",HIVERSE - Sprint 79,Hiverse,7/27/2023,8/3/2023,8,2849832,604748,-,-,active,HIVERSE-9896,FALSE,Story,"10,800",In Progress,not done,167.9855556,791.62,623.6344444,No Parent
"1,393",HIVERSE - Sprint 78,Hiverse,7/18/2023,7/25/2023,0,1959003,541200,-,-,active,HIVERSE-9689,FALSE,Story,0,To Do,not done,150.3333333,544.1675,393.8341667,No Parent
"1,393",HIVERSE - Sprint 78,Hiverse,7/18/2023,7/25/2023,0,3604202,541200,-,-,active,HIVERSE-9329,FALSE,Bug,0,Q.A Testing,not done,150.3333333,1001.167222,850.8338889,No Parent
"1,393",HIVERSE - Sprint 78,Hiverse,7/18/2023,7/25/2023,8,3604202,541200,-,-,active,HIVERSE-9636,FALSE,Story,"21,600",Q.A Testing,not done,150.3333333,1001.167222,850.8338889,No Parent
"1,393",HIVERSE - Sprint 78,Hiverse,7/18/2023,7/25/2023,3,3604202,541200,-,-,active,HIVERSE-9356,FALSE,Story,"3,600",Q.A Testing,not done,150.3333333,1001.167222,850.8338889,No Parent
"1,393",HIVERSE - Sprint 78,Hiverse,7/18/2023,7/25/2023,0,3604202,541200,-,-,active,HIVERSE-9363,FALSE,Bug,"7,200",Done,done,150.3333333,1001.167222,850.8338889,No Parent
"1,393",HIVERSE - Sprint 78,Hiverse,7/18/2023,7/25/2023,3,3604202,541200,-,-,active,HIVERSE-9364,FALSE,Story,"14,400",Done,done,150.3333333,1001.167222,850.8338889,No Parent
"1,393",HIVERSE - Sprint 78,Hiverse,7/18/2023,7/25/2023,0,3604202,541200,-,-,active,HIVERSE-9368,FALSE,Bug,"5,400",Done,done,150.3333333,1001.167222,850.8338889,No Parent
"1,393",HIVERSE - Sprint 78,Hiverse,7/18/2023,7/25/2023,8,3604202,541200,-,-,active,HIVERSE-9497,FALSE,Story,"28,800",In Progress,not done,150.3333333,1001.167222,850.8338889,No Parent
"1,393",HIVERSE - Sprint 78,Hiverse,7/18/2023,7/25/2023,0,3604202,541200,-,-,active,HIVERSE-9440,FALSE,Bug,"1,800",Done,done,150.3333333,1001.167222,850.8338889,No Parent
"1,393",HIVERSE - Sprint 78,Hiverse,7/18/2023,7/25/2023,13,3604202,541200,-,-,active,HIVERSE-9639,FALSE,Story,"28,800",Q.A Testing,not done,150.3333333,1001.167222,850.8338889,No Parent
"1,393",HIVERSE - Sprint 78,Hiverse,7/18/2023,7/25/2023,8,3604202,541200,-,-,active,HIVERSE-9498,FALSE,Story,"25,200",Q.A Testing,not done,150.3333333,1001.167222,850.8338889,No Parent
"1,393",HIVERSE - Sprint 78,Hiverse,7/18/2023,7/25/2023,3,3604202,541200,-,-,active,HIVERSE-9573,FALSE,Story,0,Done,done,150.3333333,1001.167222,850.8338889,No Parent
"1,393",HIVERSE - Sprint 78,Hiverse,7/18/2023,7/25/2023,2,3604202,541200,-,-,active,HIVERSE-9609,FALSE,Story,"7,200",Q.A Testing,not done,150.3333333,1001.167222,850.8338889,No Parent
"1,393",HIVERSE - Sprint 78,Hiverse,7/18/2023,7/25/2023,2,3604202,541200,-,-,active,HIVERSE-9643,FALSE,Story,"5,400",Done,done,150.3333333,1001.167222,850.8338889,No Parent
"1,393",HIVERSE - Sprint 78,Hiverse,7/18/2023,7/25/2023,1,3604202,541200,-,-,active,HIVERSE-9620,FALSE,Story,"3,600",Q.A Testing,not done,150.3333333,1001.167222,850.8338889,No Parent
"1,393",HIVERSE - Sprint 78,Hiverse,7/18/2023,7/25/2023,2,3604202,541200,-,-,active,HIVERSE-9612,FALSE,Story,"7,200",Q.A Testing,not done,150.3333333,1001.167222,850.8338889,No Parent
"1,393",HIVERSE - Sprint 78,Hiverse,7/18/2023,7/25/2023,3,3604202,541200,-,-,active,HIVERSE-9627,FALSE,Story,"10,800",Q.A Testing,not done,150.3333333,1001.167222,850.8338889,No Parent
"1,393",HIVERSE - Sprint 78,Hiverse,7/18/2023,7/25/2023,5,3604202,541200,-,-,active,HIVERSE-9621,FALSE,Story,"14,400",Q.A Testing,not done,150.3333333,1001.167222,850.8338889,No Parent
"1,393",HIVERSE - Sprint 78,Hiverse,7/18/2023,7/25/2023,1,3604202,541200,-,-,active,HIVERSE-9614,FALSE,Story,"3,600",Q.A Testing,not done,150.3333333,1001.167222,850.8338889,No Parent
"1,393",HIVERSE - Sprint 78,Hiverse,7/18/2023,7/25/2023,8,3604202,541200,-,-,active,HIVERSE-9622,FALSE,Story,"28,800",Q.A Testing,not done,150.3333333,1001.167222,850.8338889,No Parent
"1,393",HIVERSE - Sprint 78,Hiverse,7/18/2023,7/25/2023,3,3604202,541200,-,-,active,HIVERSE-9615,FALSE,Story,"9,000",Q.A Testing,not done,150.3333333,1001.167222,850.8338889,No Parent
"1,393",HIVERSE - Sprint 78,Hiverse,7/18/2023,7/25/2023,8,3604202,541200,-,-,active,HIVERSE-9616,FALSE,Story,"21,600",Q.A Testing,not done,150.3333333,1001.167222,850.8338889,No Parent
"1,393",HIVERSE - Sprint 78,Hiverse,7/18/2023,7/25/2023,3,3604202,541200,-,-,active,HIVERSE-9617,FALSE,Story,"5,400",Q.A. Testing,not done,150.3333333,1001.167222,850.8338889,No Parent
"1,393",HIVERSE - Sprint 78,Hiverse,7/18/2023,7/25/2023,3,3604202,541200,-,-,active,HIVERSE-9618,FALSE,Story,"5,400",Q.A Testing,not done,150.3333333,1001.167222,850.8338889,No Parent
"1,393",HIVERSE - Sprint 78,Hiverse,7/18/2023,7/25/2023,8,3604202,541200,-,-,active,HIVERSE-9630,FALSE,Story,"28,800",Q.A Testing,not done,150.3333333,1001.167222,850.8338889,No Parent
"1,393",HIVERSE - Sprint 78,Hiverse,7/18/2023,7/25/2023,3,3604202,541200,-,-,active,HIVERSE-9634,FALSE,Story,"10,800",Q.A Testing,not done,150.3333333,1001.167222,850.8338889,No Parent
"1,393",HIVERSE - Sprint 78,Hiverse,7/18/2023,7/25/2023,5,3604202,541200,-,-,active,HIVERSE-9635,FALSE,Story,"10,800",Done,done,150.3333333,1001.167222,850.8338889,No Parent
"1,393",HIVERSE - Sprint 78,Hiverse,7/18/2023,7/25/2023,8,3604202,541200,-,-,active,HIVERSE-9637,FALSE,Story,"25,200",Q.A Testing,not done,150.3333333,1001.167222,850.8338889,No Parent
"1,393",HIVERSE - Sprint 78,Hiverse,7/18/2023,7/25/2023,13,3604202,541200,-,-,active,HIVERSE-9645,FALSE,Story,0,Done,done,150.3333333,1001.167222,850.8338889,No Parent
"1,393",HIVERSE - Sprint 78,Hiverse,7/18/2023,7/25/2023,13,3604202,541200,-,-,active,HIVERSE-9646,FALSE,Story,0,Done,done,150.3333333,1001.167222,850.8338889,No Parent
"1,393",HIVERSE - Sprint 78,Hiverse,7/18/2023,7/25/2023,8,3604202,541200,-,-,active,HIVERSE-9647,FALSE,Story,0,Done,done,150.3333333,1001.167222,850.8338889,No Parent
"1,393",HIVERSE - Sprint 78,Hiverse,7/18/2023,7/25/2023,0,3604202,541200,-,-,active,HIVERSE-9649,FALSE,Story,0,Done,done,150.3333333,1001.167222,850.8338889,No Parent
"1,393",HIVERSE - Sprint 78,Hiverse,7/18/2023,7/25/2023,0,3604202,541200,-,-,active,HIVERSE-9650,FALSE,Story,0,Done,done,150.3333333,1001.167222,850.8338889,No Parent
"1,393",HIVERSE - Sprint 78,Hiverse,7/18/2023,7/25/2023,0,3604202,541200,-,-,active,HIVERSE-9658,FALSE,Task,0,Done,done,150.3333333,1001.167222,850.8338889,No Parent
"1,393",HIVERSE - Sprint 78,Hiverse,7/18/2023,7/25/2023,0,3604202,541200,-,-,active,HIVERSE-9665,FALSE,Task,"1,800",Done,done,150.3333333,1001.167222,850.8338889,No Parent
"1,393",HIVERSE - Sprint 78,Hiverse,7/18/2023,7/25/2023,8,3604202,541200,-,-,active,HIVERSE-9667,FALSE,Story,"21,600",Q.A Testing,not done,150.3333333,1001.167222,850.8338889,No Parent
"1,393",HIVERSE - Sprint 78,Hiverse,7/18/2023,7/25/2023,5,3604202,541200,-,-,active,HIVERSE-9672,FALSE,Story,"18,000",Q.A Testing,not done,150.3333333,1001.167222,850.8338889,No Parent
"1,393",HIVERSE - Sprint 78,Hiverse,7/18/2023,7/25/2023,8,3604202,541200,-,-,active,HIVERSE-9668,FALSE,Story,"28,800",Q.A Testing,not done,150.3333333,1001.167222,850.8338889,No Parent
"1,393",HIVERSE - Sprint 78,Hiverse,7/18/2023,7/25/2023,5,3604202,541200,-,-,active,HIVERSE-9674,FALSE,Story,"19,800",Q.A Testing,not done,150.3333333,1001.167222,850.8338889,No Parent
"1,393",HIVERSE - Sprint 78,Hiverse,7/18/2023,7/25/2023,0,3604202,541200,-,-,active,HIVERSE-9676,FALSE,Story,"25,200",Q.A Testing,not done,150.3333333,1001.167222,850.8338889,No Parent
"1,393",HIVERSE - Sprint 78,Hiverse,7/18/2023,7/25/2023,0,3604202,541200,-,-,active,HIVERSE-9678,FALSE,Story,"45,900",Q.A Testing,not done,150.3333333,1001.167222,850.8338889,No Parent
"1,393",HIVERSE - Sprint 78,Hiverse,7/18/2023,7/25/2023,0,3604202,541200,-,-,active,HIVERSE-9681,FALSE,Story,"14,400",Done,done,150.3333333,1001.167222,850.8338889,No Parent
"1,393",HIVERSE - Sprint 78,Hiverse,7/18/2023,7/25/2023,1,3604202,541200,-,-,active,HIVERSE-9677,FALSE,Task,"1,800",Done,done,150.3333333,1001.167222,850.8338889,No Parent
"1,393",HIVERSE - Sprint 78,Hiverse,7/18/2023,7/25/2023,1,3604202,541200,-,-,active,HIVERSE-9682,FALSE,Task,"1,800",Done,done,150.3333333,1001.167222,850.8338889,No Parent
"1,393",HIVERSE - Sprint 78,Hiverse,7/18/2023,7/25/2023,3,3604202,541200,-,-,active,HIVERSE-9693,FALSE,Task,"9,000",Q.A Testing,not done,150.3333333,1001.167222,850.8338889,No Parent
"1,393",HIVERSE - Sprint 78,Hiverse,7/18/2023,7/25/2023,13,3604202,541200,-,-,active,HIVERSE-9605,FALSE,Story,"45,000",Q.A Testing,not done,150.3333333,1001.167222,850.8338889,No Parent
"1,393",HIVERSE - Sprint 78,Hiverse,7/18/2023,7/25/2023,0,3604202,541200,-,-,active,HIVERSE-9683,FALSE,Bug,"16,200",In Progress,not done,150.3333333,1001.167222,850.8338889,No Parent
"1,393",HIVERSE - Sprint 78,Hiverse,7/18/2023,7/25/2023,0,3604202,541200,-,-,active,HIVERSE-9813,FALSE,Bug,"1,800",Q.A. Testing,not done,150.3333333,1001.167222,850.8338889,No Parent
"1,393",HIVERSE - Sprint 78,Hiverse,7/18/2023,7/25/2023,0,3604202,541200,-,-,active,HIVERSE-9814,FALSE,Bug,"1,800",Q.A. Testing,not done,150.3333333,1001.167222,850.8338889,No Parent
"1,393",HIVERSE - Sprint 78,Hiverse,7/18/2023,7/25/2023,0,3604202,541200,-,-,active,HIVERSE-9874,FALSE,Bug,"1,800",In Progress,not done,150.3333333,1001.167222,850.8338889,No Parent
"1,393",HIVERSE - Sprint 78,Hiverse,7/18/2023,7/25/2023,0,3604202,541200,-,-,active,HIVERSE-9879,FALSE,Bug,"3,600",Development Completed,not done,150.3333333,1001.167222,850.8338889,No Parent
"1,363",HIVERSE - Sprint 77,Hiverse,6/21/2023,7/5/2023,0,0,0,-,-,active,HIVERSE-9008,FALSE,Story,0,To Do,not done,0,0,0,No Parent
"1,363",HIVERSE - Sprint 77,Hiverse,6/21/2023,7/5/2023,0,0,0,-,-,active,HIVERSE-9011,FALSE,Story,0,To Do,not done,0,0,0,No Parent
"1,363",HIVERSE - Sprint 77,Hiverse,6/21/2023,7/5/2023,0,0,0,-,-,active,HIVERSE-9259,FALSE,Story,0,To Do,not done,0,0,0,No Parent
"1,363",HIVERSE - Sprint 77,Hiverse,6/21/2023,7/5/2023,0,0,0,-,-,active,HIVERSE-7891,FALSE,Story,0,To Do,not done,0,0,0,No Parent
"1,363",HIVERSE - Sprint 77,Hiverse,6/21/2023,7/5/2023,0,0,0,HIVERSE-7891,79296,active,HIVERSE-8279,TRUE,Sub-task,0,To Do,not done,0,0,0,contains Parent
"1,363",HIVERSE - Sprint 77,Hiverse,6/21/2023,7/5/2023,0,0,0,-,-,active,HIVERSE-9153,FALSE,Story,0,To Do,not done,0,0,0,No Parent
"1,363",HIVERSE - Sprint 77,Hiverse,6/21/2023,7/5/2023,0,0,0,-,-,active,HIVERSE-9144,FALSE,Story,0,To Do,not done,0,0,0,No Parent
"1,363",HIVERSE - Sprint 77,Hiverse,6/21/2023,7/5/2023,0,0,0,-,-,active,HIVERSE-8822,FALSE,Task,0,To Do,not done,0,0,0,No Parent
"1,363",HIVERSE - Sprint 77,Hiverse,6/21/2023,7/5/2023,0,0,0,-,-,active,HIVERSE-9536,FALSE,Bug,0,To Do,not done,0,0,0,No Parent
"1,363",HIVERSE - Sprint 77,Hiverse,6/21/2023,7/5/2023,0,0,0,-,-,active,HIVERSE-9465,FALSE,Bug,0,To Do,not done,0,0,0,No Parent
"1,363",HIVERSE - Sprint 77,Hiverse,6/21/2023,7/5/2023,3,0,0,-,-,active,HIVERSE-9344,FALSE,Story,0,In Progress,not done,0,0,0,No Parent
"1,363",HIVERSE - Sprint 77,Hiverse,6/21/2023,7/5/2023,0,4057204,1209600,-,-,active,HIVERSE-9683,FALSE,Bug,"16,200",In Progress,not done,336,1127.001111,791.0011111,No Parent
"1,363",HIVERSE - Sprint 77,Hiverse,6/21/2023,7/5/2023,0,4064404,1209600,-,-,active,HIVERSE-9780,FALSE,Bug,0,In Progress,not done,336,1129.001111,793.0011111,No Parent
"1,363",HIVERSE - Sprint 77,Hiverse,6/21/2023,7/5/2023,0,4063703,1209600,-,-,active,HIVERSE-9783,FALSE,Bug,0,To Do,not done,336,1128.806389,792.8063889,No Parent
"1,363",HIVERSE - Sprint 77,Hiverse,6/21/2023,7/5/2023,0,4302004,1209600,-,-,active,HIVERSE-9776,FALSE,Task,"1,800",In Progress,not done,336,1195.001111,859.0011111,No Parent
"1,363",HIVERSE - Sprint 77,Hiverse,6/21/2023,7/5/2023,5,5868004,1209600,-,-,active,HIVERSE-9013,FALSE,Story,"18,000",Done,done,336,1630.001111,1294.001111,No Parent
"1,363",HIVERSE - Sprint 77,Hiverse,6/21/2023,7/5/2023,13,5868004,1209600,-,-,active,HIVERSE-8933,FALSE,Story,"55,800",Done,done,336,1630.001111,1294.001111,No Parent
"1,363",HIVERSE - Sprint 77,Hiverse,6/21/2023,7/5/2023,8,5868004,1209600,-,-,active,HIVERSE-9292,FALSE,Story,"28,800",Done,done,336,1630.001111,1294.001111,No Parent
"1,363",HIVERSE - Sprint 77,Hiverse,6/21/2023,7/5/2023,5,5868004,1209600,-,-,active,HIVERSE-8928,FALSE,Story,"14,400",Done,done,336,1630.001111,1294.001111,No Parent
"1,363",HIVERSE - Sprint 77,Hiverse,6/21/2023,7/5/2023,8,5868004,1209600,-,-,active,HIVERSE-9019,FALSE,Story,"18,000",Done,done,336,1630.001111,1294.001111,No Parent
"1,363",HIVERSE - Sprint 77,Hiverse,6/21/2023,7/5/2023,1,5868004,1209600,-,-,active,HIVERSE-9372,FALSE,Story,300,Done,done,336,1630.001111,1294.001111,No Parent
"1,363",HIVERSE - Sprint 77,Hiverse,6/21/2023,7/5/2023,1,5868004,1209600,-,-,active,HIVERSE-9373,FALSE,Story,300,Done,done,336,1630.001111,1294.001111,No Parent
"1,363",HIVERSE - Sprint 77,Hiverse,6/21/2023,7/5/2023,5,5868004,1209600,-,-,active,HIVERSE-9374,FALSE,Story,"14,400",Done,done,336,1630.001111,1294.001111,No Parent
"1,363",HIVERSE - Sprint 77,Hiverse,6/21/2023,7/5/2023,13,5868004,1209600,-,-,active,HIVERSE-9028,FALSE,Story,"43,200",Done,done,336,1630.001111,1294.001111,No Parent
"1,363",HIVERSE - Sprint 77,Hiverse,6/21/2023,7/5/2023,0,5868004,1209600,-,-,active,HIVERSE-9663,FALSE,Bug,"1,800",Done,done,336,1630.001111,1294.001111,No Parent
"1,363",HIVERSE - Sprint 77,Hiverse,6/21/2023,7/5/2023,0,5868004,1209600,-,-,active,HIVERSE-9664,FALSE,Bug,300,Done,done,336,1630.001111,1294.001111,No Parent
"1,363",HIVERSE - Sprint 77,Hiverse,6/21/2023,7/5/2023,0,5868004,1209600,-,-,active,HIVERSE-9740,FALSE,Bug,0,Done,done,336,1630.001111,1294.001111,No Parent
"1,363",HIVERSE - Sprint 77,Hiverse,6/21/2023,7/5/2023,13,5868004,1209600,-,-,active,HIVERSE-9029,FALSE,Story,"64,800",Done,done,336,1630.001111,1294.001111,No Parent
"1,363",HIVERSE - Sprint 77,Hiverse,6/21/2023,7/5/2023,13,5868004,1209600,-,-,active,HIVERSE-9030,FALSE,Story,"68,400",Done,done,336,1630.001111,1294.001111,No Parent
"1,363",HIVERSE - Sprint 77,Hiverse,6/21/2023,7/5/2023,8,5868004,1209600,-,-,active,HIVERSE-9031,FALSE,Story,"10,800",Done,done,336,1630.001111,1294.001111,No Parent
"1,363",HIVERSE - Sprint 77,Hiverse,6/21/2023,7/5/2023,8,5868004,1209600,-,-,active,HIVERSE-9032,FALSE,Story,"43,200",Done,done,336,1630.001111,1294.001111,No Parent
"1,363",HIVERSE - Sprint 77,Hiverse,6/21/2023,7/5/2023,5,5868004,1209600,-,-,active,HIVERSE-9033,FALSE,Story,"14,400",Done,done,336,1630.001111,1294.001111,No Parent
"1,363",HIVERSE - Sprint 77,Hiverse,6/21/2023,7/5/2023,8,5868004,1209600,-,-,active,HIVERSE-8150,FALSE,Story,"18,000",Done,done,336,1630.001111,1294.001111,No Parent
"1,363",HIVERSE - Sprint 77,Hiverse,6/21/2023,7/5/2023,1,5868004,1209600,-,-,active,HIVERSE-9171,FALSE,Story,"7,200",Done,done,336,1630.001111,1294.001111,No Parent
"1,363",HIVERSE - Sprint 77,Hiverse,6/21/2023,7/5/2023,5,5868004,1209600,-,-,active,HIVERSE-8148,FALSE,Story,"14,400",Done,done,336,1630.001111,1294.001111,No Parent
"1,363",HIVERSE - Sprint 77,Hiverse,6/21/2023,7/5/2023,8,5868004,1209600,-,-,active,HIVERSE-8145,FALSE,Story,"14,400",Done,done,336,1630.001111,1294.001111,No Parent
"1,363",HIVERSE - Sprint 77,Hiverse,6/21/2023,7/5/2023,0,5868004,1209600,-,-,active,HIVERSE-9367,FALSE,Bug,"1,800",Done,done,336,1630.001111,1294.001111,No Parent
"1,363",HIVERSE - Sprint 77,Hiverse,6/21/2023,7/5/2023,5,5868004,1209600,-,-,active,HIVERSE-9376,FALSE,Story,"9,000",Done,done,336,1630.001111,1294.001111,No Parent
"1,363",HIVERSE - Sprint 77,Hiverse,6/21/2023,7/5/2023,1,5868004,1209600,-,-,active,HIVERSE-9377,FALSE,Story,900,Done,done,336,1630.001111,1294.001111,No Parent
"1,363",HIVERSE - Sprint 77,Hiverse,6/21/2023,7/5/2023,3,5868004,1209600,-,-,active,HIVERSE-9378,FALSE,Story,"5,400",Done,done,336,1630.001111,1294.001111,No Parent
"1,363",HIVERSE - Sprint 77,Hiverse,6/21/2023,7/5/2023,1,5868004,1209600,-,-,active,HIVERSE-9379,FALSE,Story,600,Done,done,336,1630.001111,1294.001111,No Parent
"1,363",HIVERSE - Sprint 77,Hiverse,6/21/2023,7/5/2023,2,5868004,1209600,-,-,active,HIVERSE-9380,FALSE,Story,"1,800",Done,done,336,1630.001111,1294.001111,No Parent
"1,363",HIVERSE - Sprint 77,Hiverse,6/21/2023,7/5/2023,1,5868004,1209600,-,-,active,HIVERSE-9381,FALSE,Story,600,Done,done,336,1630.001111,1294.001111,No Parent
"1,363",HIVERSE - Sprint 77,Hiverse,6/21/2023,7/5/2023,2,5868004,1209600,-,-,active,HIVERSE-9382,FALSE,Story,"1,800",Done,done,336,1630.001111,1294.001111,No Parent
"1,363",HIVERSE - Sprint 77,Hiverse,6/21/2023,7/5/2023,1,5868004,1209600,-,-,active,HIVERSE-9383,FALSE,Story,900,Done,done,336,1630.001111,1294.001111,No Parent
"1,363",HIVERSE - Sprint 77,Hiverse,6/21/2023,7/5/2023,3,5868004,1209600,-,-,active,HIVERSE-9384,FALSE,Story,"1,800",Done,done,336,1630.001111,1294.001111,No Parent
"1,363",HIVERSE - Sprint 77,Hiverse,6/21/2023,7/5/2023,1,5868004,1209600,-,-,active,HIVERSE-9385,FALSE,Story,600,Done,done,336,1630.001111,1294.001111,No Parent
"1,363",HIVERSE - Sprint 77,Hiverse,6/21/2023,7/5/2023,2,5868004,1209600,-,-,active,HIVERSE-9386,FALSE,Story,900,Done,done,336,1630.001111,1294.001111,No Parent
"1,363",HIVERSE - Sprint 77,Hiverse,6/21/2023,7/5/2023,1,5868004,1209600,-,-,active,HIVERSE-9387,FALSE,Story,600,Done,done,336,1630.001111,1294.001111,No Parent
"1,363",HIVERSE - Sprint 77,Hiverse,6/21/2023,7/5/2023,2,5868004,1209600,-,-,active,HIVERSE-9388,FALSE,Story,900,Done,done,336,1630.001111,1294.001111,No Parent
"1,363",HIVERSE - Sprint 77,Hiverse,6/21/2023,7/5/2023,3,5868004,1209600,-,-,active,HIVERSE-9389,FALSE,Story,"4,500",Done,done,336,1630.001111,1294.001111,No Parent
"1,363",HIVERSE - Sprint 77,Hiverse,6/21/2023,7/5/2023,3,5868004,1209600,-,-,active,HIVERSE-9390,FALSE,Story,"10,800",Done,done,336,1630.001111,1294.001111,No Parent
"1,363",HIVERSE - Sprint 77,Hiverse,6/21/2023,7/5/2023,3,5868004,1209600,-,-,active,HIVERSE-9391,FALSE,Story,"5,400",Done,done,336,1630.001111,1294.001111,No Parent
"1,363",HIVERSE - Sprint 77,Hiverse,6/21/2023,7/5/2023,3,5868004,1209600,-,-,active,HIVERSE-9392,FALSE,Story,"10,800",Done,done,336,1630.001111,1294.001111,No Parent
"1,363",HIVERSE - Sprint 77,Hiverse,6/21/2023,7/5/2023,3,5868004,1209600,-,-,active,HIVERSE-8937,FALSE,Story,"3,600",Done,done,336,1630.001111,1294.001111,No Parent
"1,363",HIVERSE - Sprint 77,Hiverse,6/21/2023,7/5/2023,3,5868004,1209600,-,-,active,HIVERSE-9394,FALSE,Story,"10,800",Done,done,336,1630.001111,1294.001111,No Parent
"1,363",HIVERSE - Sprint 77,Hiverse,6/21/2023,7/5/2023,2,5868004,1209600,-,-,active,HIVERSE-9395,FALSE,Story,"7,200",Done,done,336,1630.001111,1294.001111,No Parent
"1,363",HIVERSE - Sprint 77,Hiverse,6/21/2023,7/5/2023,13,5868004,1209600,-,-,active,HIVERSE-9396,FALSE,Story,"52,200",Done,done,336,1630.001111,1294.001111,No Parent
"1,363",HIVERSE - Sprint 77,Hiverse,6/21/2023,7/5/2023,2,5868004,1209600,-,-,active,HIVERSE-9397,FALSE,Story,"3,600",Done,done,336,1630.001111,1294.001111,No Parent
"1,363",HIVERSE - Sprint 77,Hiverse,6/21/2023,7/5/2023,1,5868004,1209600,-,-,active,HIVERSE-9398,FALSE,Story,"3,600",Done,done,336,1630.001111,1294.001111,No Parent
"1,363",HIVERSE - Sprint 77,Hiverse,6/21/2023,7/5/2023,5,5868004,1209600,-,-,active,HIVERSE-9400,FALSE,Story,"14,400",Done,done,336,1630.001111,1294.001111,No Parent
"1,363",HIVERSE - Sprint 77,Hiverse,6/21/2023,7/5/2023,5,5868004,1209600,-,-,active,HIVERSE-9401,FALSE,Story,"9,000",Done,done,336,1630.001111,1294.001111,No Parent
"1,363",HIVERSE - Sprint 77,Hiverse,6/21/2023,7/5/2023,3,5868004,1209600,-,-,active,HIVERSE-9402,FALSE,Story,"10,800",Done,done,336,1630.001111,1294.001111,No Parent
"1,363",HIVERSE - Sprint 77,Hiverse,6/21/2023,7/5/2023,2,5868004,1209600,-,-,active,HIVERSE-9403,FALSE,Story,"3,600",Done,done,336,1630.001111,1294.001111,No Parent
"1,363",HIVERSE - Sprint 77,Hiverse,6/21/2023,7/5/2023,2,5868004,1209600,-,-,active,HIVERSE-9404,FALSE,Story,"7,200",Done,done,336,1630.001111,1294.001111,No Parent
"1,363",HIVERSE - Sprint 77,Hiverse,6/21/2023,7/5/2023,2,5868004,1209600,-,-,active,HIVERSE-9405,FALSE,Story,"6,300",Done,done,336,1630.001111,1294.001111,No Parent
"1,363",HIVERSE - Sprint 77,Hiverse,6/21/2023,7/5/2023,3,5868004,1209600,-,-,active,HIVERSE-9406,FALSE,Story,"10,800",Done,done,336,1630.001111,1294.001111,No Parent
"1,363",HIVERSE - Sprint 77,Hiverse,6/21/2023,7/5/2023,5,5868004,1209600,-,-,active,HIVERSE-9408,FALSE,Story,"12,600",Done,done,336,1630.001111,1294.001111,No Parent
"1,363",HIVERSE - Sprint 77,Hiverse,6/21/2023,7/5/2023,8,5868004,1209600,-,-,active,HIVERSE-9409,FALSE,Story,"7,200",Done,done,336,1630.001111,1294.001111,No Parent
"1,363",HIVERSE - Sprint 77,Hiverse,6/21/2023,7/5/2023,5,5868004,1209600,-,-,active,HIVERSE-9410,FALSE,Story,"5,400",Done,done,336,1630.001111,1294.001111,No Parent
"1,363",HIVERSE - Sprint 77,Hiverse,6/21/2023,7/5/2023,1,5868004,1209600,-,-,active,HIVERSE-9411,FALSE,Story,600,Done,done,336,1630.001111,1294.001111,No Parent
"1,363",HIVERSE - Sprint 77,Hiverse,6/21/2023,7/5/2023,0,5868004,1209600,-,-,active,HIVERSE-9414,FALSE,Bug,600,Done,done,336,1630.001111,1294.001111,No Parent
"1,363",HIVERSE - Sprint 77,Hiverse,6/21/2023,7/5/2023,0,5868004,1209600,-,-,active,HIVERSE-9415,FALSE,Bug,600,Done,done,336,1630.001111,1294.001111,No Parent
"1,363",HIVERSE - Sprint 77,Hiverse,6/21/2023,7/5/2023,8,5868004,1209600,-,-,active,HIVERSE-9417,FALSE,Story,"18,000",Done,done,336,1630.001111,1294.001111,No Parent
"1,363",HIVERSE - Sprint 77,Hiverse,6/21/2023,7/5/2023,0,5868004,1209600,-,-,active,HIVERSE-9423,FALSE,Task,"19,800",Done,done,336,1630.001111,1294.001111,No Parent
"1,363",HIVERSE - Sprint 77,Hiverse,6/21/2023,7/5/2023,13,5868004,1209600,-,-,active,HIVERSE-9432,FALSE,Story,"57,600",Done,done,336,1630.001111,1294.001111,No Parent
"1,363",HIVERSE - Sprint 77,Hiverse,6/21/2023,7/5/2023,0,5868004,1209600,-,-,active,HIVERSE-9433,FALSE,Story,0,Done,done,336,1630.001111,1294.001111,No Parent
"1,363",HIVERSE - Sprint 77,Hiverse,6/21/2023,7/5/2023,0,5868004,1209600,-,-,active,HIVERSE-9434,FALSE,Bug,600,Done,done,336,1630.001111,1294.001111,No Parent
"1,363",HIVERSE - Sprint 77,Hiverse,6/21/2023,7/5/2023,0,5868004,1209600,-,-,active,HIVERSE-9435,FALSE,Bug,900,Done,done,336,1630.001111,1294.001111,No Parent
"1,363",HIVERSE - Sprint 77,Hiverse,6/21/2023,7/5/2023,0,5868004,1209600,-,-,active,HIVERSE-9436,FALSE,Bug,900,Done,done,336,1630.001111,1294.001111,No Parent
"1,363",HIVERSE - Sprint 77,Hiverse,6/21/2023,7/5/2023,0,5868004,1209600,-,-,active,HIVERSE-9438,FALSE,Bug,900,Done,done,336,1630.001111,1294.001111,No Parent
"1,363",HIVERSE - Sprint 77,Hiverse,6/21/2023,7/5/2023,0,5868004,1209600,-,-,active,HIVERSE-9439,FALSE,Bug,900,Done,done,336,1630.001111,1294.001111,No Parent
"1,363",HIVERSE - Sprint 77,Hiverse,6/21/2023,7/5/2023,0,5868004,1209600,-,-,active,HIVERSE-9444,FALSE,Task,0,Done,done,336,1630.001111,1294.001111,No Parent
"1,363",HIVERSE - Sprint 77,Hiverse,6/21/2023,7/5/2023,0,5868004,1209600,-,-,active,HIVERSE-9445,FALSE,Bug,"7,200",Done,done,336,1630.001111,1294.001111,No Parent
"1,363",HIVERSE - Sprint 77,Hiverse,6/21/2023,7/5/2023,1,5868004,1209600,-,-,active,HIVERSE-9447,FALSE,Story,900,Done,done,336,1630.001111,1294.001111,No Parent
"1,363",HIVERSE - Sprint 77,Hiverse,6/21/2023,7/5/2023,0,5868004,1209600,-,-,active,HIVERSE-9448,FALSE,Bug,"3,600",Done,done,336,1630.001111,1294.001111,No Parent
"1,363",HIVERSE - Sprint 77,Hiverse,6/21/2023,7/5/2023,0,5868004,1209600,-,-,active,HIVERSE-9450,FALSE,Task,900,Done,done,336,1630.001111,1294.001111,No Parent
"1,363",HIVERSE - Sprint 77,Hiverse,6/21/2023,7/5/2023,1,5868004,1209600,-,-,active,HIVERSE-9452,FALSE,Story,900,Done,done,336,1630.001111,1294.001111,No Parent
"1,363",HIVERSE - Sprint 77,Hiverse,6/21/2023,7/5/2023,1,5868004,1209600,-,-,active,HIVERSE-9453,FALSE,Story,"3,600",Done,done,336,1630.001111,1294.001111,No Parent
"1,363",HIVERSE - Sprint 77,Hiverse,6/21/2023,7/5/2023,5,5868004,1209600,-,-,active,HIVERSE-9454,FALSE,Story,"12,600",Done,done,336,1630.001111,1294.001111,No Parent
"1,363",HIVERSE - Sprint 77,Hiverse,6/21/2023,7/5/2023,0,5868004,1209600,-,-,active,HIVERSE-9455,FALSE,Bug,600,Done,done,336,1630.001111,1294.001111,No Parent
"1,363",HIVERSE - Sprint 77,Hiverse,6/21/2023,7/5/2023,0,5868004,1209600,-,-,active,HIVERSE-9456,FALSE,Bug,"3,600",Done,done,336,1630.001111,1294.001111,No Parent
"1,363",HIVERSE - Sprint 77,Hiverse,6/21/2023,7/5/2023,0,5868004,1209600,-,-,active,HIVERSE-9457,FALSE,Bug,900,Done,done,336,1630.001111,1294.001111,No Parent
"1,363",HIVERSE - Sprint 77,Hiverse,6/21/2023,7/5/2023,0,5868004,1209600,-,-,active,HIVERSE-9458,FALSE,Bug,300,Done,done,336,1630.001111,1294.001111,No Parent
"1,363",HIVERSE - Sprint 77,Hiverse,6/21/2023,7/5/2023,0,5868004,1209600,-,-,active,HIVERSE-9460,FALSE,Bug,"3,600",Done,done,336,1630.001111,1294.001111,No Parent
"1,363",HIVERSE - Sprint 77,Hiverse,6/21/2023,7/5/2023,0,5868004,1209600,-,-,active,HIVERSE-9461,FALSE,Bug,900,Done,done,336,1630.001111,1294.001111,No Parent
"1,363",HIVERSE - Sprint 77,Hiverse,6/21/2023,7/5/2023,3,5868004,1209600,-,-,active,HIVERSE-9463,FALSE,Story,"3,600",Done,done,336,1630.001111,1294.001111,No Parent
"1,363",HIVERSE - Sprint 77,Hiverse,6/21/2023,7/5/2023,0,5868004,1209600,-,-,active,HIVERSE-9464,FALSE,Bug,"3,600",Done,done,336,1630.001111,1294.001111,No Parent
"1,363",HIVERSE - Sprint 77,Hiverse,6/21/2023,7/5/2023,0,5868004,1209600,-,-,active,HIVERSE-9466,FALSE,Bug,900,Done,done,336,1630.001111,1294.001111,No Parent
"1,363",HIVERSE - Sprint 77,Hiverse,6/21/2023,7/5/2023,0,5868004,1209600,-,-,active,HIVERSE-9467,FALSE,Task,900,Done,done,336,1630.001111,1294.001111,No Parent
"1,363",HIVERSE - Sprint 77,Hiverse,6/21/2023,7/5/2023,0,5868004,1209600,-,-,active,HIVERSE-9469,FALSE,Task,900,Done,done,336,1630.001111,1294.001111,No Parent
"1,363",HIVERSE - Sprint 77,Hiverse,6/21/2023,7/5/2023,0,5868004,1209600,-,-,active,HIVERSE-9470,FALSE,Task,600,Done,done,336,1630.001111,1294.001111,No Parent
"1,363",HIVERSE - Sprint 77,Hiverse,6/21/2023,7/5/2023,0,5868004,1209600,-,-,active,HIVERSE-9472,FALSE,Bug,"1,800",Done,done,336,1630.001111,1294.001111,No Parent
"1,363",HIVERSE - Sprint 77,Hiverse,6/21/2023,7/5/2023,2,5868004,1209600,-,-,active,HIVERSE-9474,FALSE,Story,"3,600",Done,done,336,1630.001111,1294.001111,No Parent
"1,363",HIVERSE - Sprint 77,Hiverse,6/21/2023,7/5/2023,0,5868004,1209600,-,-,active,HIVERSE-9475,FALSE,Task,"3,600",Done,done,336,1630.001111,1294.001111,No Parent
"1,363",HIVERSE - Sprint 77,Hiverse,6/21/2023,7/5/2023,0,5868004,1209600,-,-,active,HIVERSE-9476,FALSE,Bug,"1,800",Done,done,336,1630.001111,1294.001111,No Parent
"1,363",HIVERSE - Sprint 77,Hiverse,6/21/2023,7/5/2023,0,5868004,1209600,-,-,active,HIVERSE-9477,FALSE,Bug,"1,800",Done,done,336,1630.001111,1294.001111,No Parent
"1,363",HIVERSE - Sprint 77,Hiverse,6/21/2023,7/5/2023,0,5868004,1209600,-,-,active,HIVERSE-9479,FALSE,Bug,600,Done,done,336,1630.001111,1294.001111,No Parent
"1,363",HIVERSE - Sprint 77,Hiverse,6/21/2023,7/5/2023,0,5868004,1209600,-,-,active,HIVERSE-9480,FALSE,Bug,600,Done,done,336,1630.001111,1294.001111,No Parent
"1,363",HIVERSE - Sprint 77,Hiverse,6/21/2023,7/5/2023,0,5868004,1209600,-,-,active,HIVERSE-9481,FALSE,Bug,"1,200",Done,done,336,1630.001111,1294.001111,No Parent
"1,363",HIVERSE - Sprint 77,Hiverse,6/21/2023,7/5/2023,0,5868004,1209600,-,-,active,HIVERSE-9482,FALSE,Bug,"1,800",Done,done,336,1630.001111,1294.001111,No Parent
"1,363",HIVERSE - Sprint 77,Hiverse,6/21/2023,7/5/2023,0,5868004,1209600,-,-,active,HIVERSE-9483,FALSE,Bug,600,Done,done,336,1630.001111,1294.001111,No Parent
"1,363",HIVERSE - Sprint 77,Hiverse,6/21/2023,7/5/2023,0,5868004,1209600,-,-,active,HIVERSE-9484,FALSE,Task,300,Done,done,336,1630.001111,1294.001111,No Parent
"1,363",HIVERSE - Sprint 77,Hiverse,6/21/2023,7/5/2023,0,5868004,1209600,-,-,active,HIVERSE-9486,FALSE,Bug,"3,600",Done,done,336,1630.001111,1294.001111,No Parent
"1,363",HIVERSE - Sprint 77,Hiverse,6/21/2023,7/5/2023,0,5868004,1209600,-,-,active,HIVERSE-9487,FALSE,Task,900,Done,done,336,1630.001111,1294.001111,No Parent
"1,363",HIVERSE - Sprint 77,Hiverse,6/21/2023,7/5/2023,0,5868004,1209600,-,-,active,HIVERSE-9488,FALSE,Task,"5,400",Done,done,336,1630.001111,1294.001111,No Parent
"1,363",HIVERSE - Sprint 77,Hiverse,6/21/2023,7/5/2023,0,5868004,1209600,-,-,active,HIVERSE-9495,FALSE,Bug,"7,200",Done,done,336,1630.001111,1294.001111,No Parent
"1,363",HIVERSE - Sprint 77,Hiverse,6/21/2023,7/5/2023,0,5868004,1209600,-,-,active,HIVERSE-9505,FALSE,Bug,900,Done,done,336,1630.001111,1294.001111,No Parent
"1,363",HIVERSE - Sprint 77,Hiverse,6/21/2023,7/5/2023,0,5868004,1209600,-,-,active,HIVERSE-9506,FALSE,Bug,900,Done,done,336,1630.001111,1294.001111,No Parent
"1,363",HIVERSE - Sprint 77,Hiverse,6/21/2023,7/5/2023,0,5868004,1209600,-,-,active,HIVERSE-9508,FALSE,Bug,600,Done,done,336,1630.001111,1294.001111,No Parent
"1,363",HIVERSE - Sprint 77,Hiverse,6/21/2023,7/5/2023,0,5868004,1209600,-,-,active,HIVERSE-9509,FALSE,Bug,"1,800",Done,done,336,1630.001111,1294.001111,No Parent
"1,363",HIVERSE - Sprint 77,Hiverse,6/21/2023,7/5/2023,0,5868004,1209600,-,-,active,HIVERSE-9510,FALSE,Bug,600,Done,done,336,1630.001111,1294.001111,No Parent
"1,363",HIVERSE - Sprint 77,Hiverse,6/21/2023,7/5/2023,0,5868004,1209600,-,-,active,HIVERSE-9511,FALSE,Bug,300,Done,done,336,1630.001111,1294.001111,No Parent
"1,363",HIVERSE - Sprint 77,Hiverse,6/21/2023,7/5/2023,0,5868004,1209600,-,-,active,HIVERSE-9515,FALSE,Bug,600,Done,done,336,1630.001111,1294.001111,No Parent
"1,363",HIVERSE - Sprint 77,Hiverse,6/21/2023,7/5/2023,0,5868004,1209600,-,-,active,HIVERSE-9516,FALSE,Bug,600,Done,done,336,1630.001111,1294.001111,No Parent
"1,363",HIVERSE - Sprint 77,Hiverse,6/21/2023,7/5/2023,0,5868004,1209600,-,-,active,HIVERSE-9517,FALSE,Task,300,Done,done,336,1630.001111,1294.001111,No Parent
"1,363",HIVERSE - Sprint 77,Hiverse,6/21/2023,7/5/2023,0,5868004,1209600,-,-,active,HIVERSE-9518,FALSE,Task,0,Done,done,336,1630.001111,1294.001111,No Parent
"1,363",HIVERSE - Sprint 77,Hiverse,6/21/2023,7/5/2023,0,5868004,1209600,-,-,active,HIVERSE-9519,FALSE,Bug,120,Done,done,336,1630.001111,1294.001111,No Parent
"1,363",HIVERSE - Sprint 77,Hiverse,6/21/2023,7/5/2023,2,5868004,1209600,-,-,active,HIVERSE-9491,FALSE,Story,900,Done,done,336,1630.001111,1294.001111,No Parent
"1,363",HIVERSE - Sprint 77,Hiverse,6/21/2023,7/5/2023,2,5868004,1209600,-,-,active,HIVERSE-9490,FALSE,Story,600,Done,done,336,1630.001111,1294.001111,No Parent
"1,363",HIVERSE - Sprint 77,Hiverse,6/21/2023,7/5/2023,0,5868004,1209600,-,-,active,HIVERSE-9520,FALSE,Bug,300,Done,done,336,1630.001111,1294.001111,No Parent
"1,363",HIVERSE - Sprint 77,Hiverse,6/21/2023,7/5/2023,0,5868004,1209600,-,-,active,HIVERSE-9521,FALSE,Bug,300,Done,done,336,1630.001111,1294.001111,No Parent
"1,363",HIVERSE - Sprint 77,Hiverse,6/21/2023,7/5/2023,0,5868004,1209600,-,-,active,HIVERSE-9523,FALSE,Bug,"1,800",Done,done,336,1630.001111,1294.001111,No Parent
"1,363",HIVERSE - Sprint 77,Hiverse,6/21/2023,7/5/2023,0,5868004,1209600,-,-,active,HIVERSE-9524,FALSE,Bug,300,Done,done,336,1630.001111,1294.001111,No Parent
"1,363",HIVERSE - Sprint 77,Hiverse,6/21/2023,7/5/2023,0,5868004,1209600,-,-,active,HIVERSE-9527,FALSE,Bug,300,Done,done,336,1630.001111,1294.001111,No Parent
"1,363",HIVERSE - Sprint 77,Hiverse,6/21/2023,7/5/2023,0,5868004,1209600,-,-,active,HIVERSE-9529,FALSE,Task,0,Done,done,336,1630.001111,1294.001111,No Parent
"1,363",HIVERSE - Sprint 77,Hiverse,6/21/2023,7/5/2023,5,5868004,1209600,-,-,active,HIVERSE-9429,FALSE,Story,"18,900",Done,done,336,1630.001111,1294.001111,No Parent
"1,363",HIVERSE - Sprint 77,Hiverse,6/21/2023,7/5/2023,13,5868004,1209600,-,-,active,HIVERSE-9430,FALSE,Story,"37,800",Done,done,336,1630.001111,1294.001111,No Parent
"1,363",HIVERSE - Sprint 77,Hiverse,6/21/2023,7/5/2023,5,5868004,1209600,-,-,active,HIVERSE-9431,FALSE,Story,"14,400",Done,done,336,1630.001111,1294.001111,No Parent
"1,363",HIVERSE - Sprint 77,Hiverse,6/21/2023,7/5/2023,0,5868004,1209600,-,-,active,HIVERSE-9531,FALSE,Bug,"1,800",Done,done,336,1630.001111,1294.001111,No Parent
"1,363",HIVERSE - Sprint 77,Hiverse,6/21/2023,7/5/2023,0,5868004,1209600,-,-,active,HIVERSE-9532,FALSE,Bug,"3,600",Done,done,336,1630.001111,1294.001111,No Parent
"1,363",HIVERSE - Sprint 77,Hiverse,6/21/2023,7/5/2023,0,5868004,1209600,-,-,active,HIVERSE-9534,FALSE,Bug,"1,800",Done,done,336,1630.001111,1294.001111,No Parent
"1,363",HIVERSE - Sprint 77,Hiverse,6/21/2023,7/5/2023,2,5868004,1209600,-,-,active,HIVERSE-9544,FALSE,Story,"7,200",Done,done,336,1630.001111,1294.001111,No Parent
"1,363",HIVERSE - Sprint 77,Hiverse,6/21/2023,7/5/2023,13,5868004,1209600,-,-,active,HIVERSE-9545,FALSE,Story,"55,800",Done,done,336,1630.001111,1294.001111,No Parent
"1,363",HIVERSE - Sprint 77,Hiverse,6/21/2023,7/5/2023,3,5868004,1209600,-,-,active,HIVERSE-9546,FALSE,Story,"14,400",Done,done,336,1630.001111,1294.001111,No Parent
"1,363",HIVERSE - Sprint 77,Hiverse,6/21/2023,7/5/2023,0,5868004,1209600,-,-,active,HIVERSE-9550,FALSE,Bug,300,Done,done,336,1630.001111,1294.001111,No Parent
"1,363",HIVERSE - Sprint 77,Hiverse,6/21/2023,7/5/2023,0,5868004,1209600,-,-,active,HIVERSE-9566,FALSE,Bug,"9,000",Done,done,336,1630.001111,1294.001111,No Parent
"1,363",HIVERSE - Sprint 77,Hiverse,6/21/2023,7/5/2023,1,5868004,1209600,-,-,active,HIVERSE-9571,FALSE,Story,"3,600",Done,done,336,1630.001111,1294.001111,No Parent
"1,363",HIVERSE - Sprint 77,Hiverse,6/21/2023,7/5/2023,0,5868004,1209600,-,-,active,HIVERSE-9574,FALSE,Task,900,Done,done,336,1630.001111,1294.001111,No Parent
"1,363",HIVERSE - Sprint 77,Hiverse,6/21/2023,7/5/2023,0,5868004,1209600,-,-,active,HIVERSE-9575,FALSE,Task,0,Done,done,336,1630.001111,1294.001111,No Parent
"1,363",HIVERSE - Sprint 77,Hiverse,6/21/2023,7/5/2023,0,5868004,1209600,-,-,active,HIVERSE-9576,FALSE,Bug,"3,600",Done,done,336,1630.001111,1294.001111,No Parent
"1,363",HIVERSE - Sprint 77,Hiverse,6/21/2023,7/5/2023,1,5868004,1209600,-,-,active,HIVERSE-9577,FALSE,Story,"1,800",Done,done,336,1630.001111,1294.001111,No Parent
"1,363",HIVERSE - Sprint 77,Hiverse,6/21/2023,7/5/2023,1,5868004,1209600,-,-,active,HIVERSE-9578,FALSE,Story,"1,800",Done,done,336,1630.001111,1294.001111,No Parent
"1,363",HIVERSE - Sprint 77,Hiverse,6/21/2023,7/5/2023,5,5868004,1209600,-,-,active,HIVERSE-9579,FALSE,Story,"14,400",Done,done,336,1630.001111,1294.001111,No Parent
"1,363",HIVERSE - Sprint 77,Hiverse,6/21/2023,7/5/2023,2,5868004,1209600,-,-,active,HIVERSE-9580,FALSE,Story,"7,200",Done,done,336,1630.001111,1294.001111,No Parent
"1,363",HIVERSE - Sprint 77,Hiverse,6/21/2023,7/5/2023,1,5868004,1209600,-,-,active,HIVERSE-9583,FALSE,Task,"3,600",Done,done,336,1630.001111,1294.001111,No Parent
"1,363",HIVERSE - Sprint 77,Hiverse,6/21/2023,7/5/2023,0,5868004,1209600,-,-,active,HIVERSE-9584,FALSE,Task,"2,400",Done,done,336,1630.001111,1294.001111,No Parent
"1,363",HIVERSE - Sprint 77,Hiverse,6/21/2023,7/5/2023,0,5868004,1209600,-,-,active,HIVERSE-9585,FALSE,Task,"1,800",Done,done,336,1630.001111,1294.001111,No Parent
"1,363",HIVERSE - Sprint 77,Hiverse,6/21/2023,7/5/2023,0,5868004,1209600,-,-,active,HIVERSE-9600,FALSE,Bug,"3,600",Done,done,336,1630.001111,1294.001111,No Parent
"1,363",HIVERSE - Sprint 77,Hiverse,6/21/2023,7/5/2023,1,5868004,1209600,-,-,active,HIVERSE-9601,FALSE,Story,900,Done,done,336,1630.001111,1294.001111,No Parent
"1,363",HIVERSE - Sprint 77,Hiverse,6/21/2023,7/5/2023,1,5868004,1209600,-,-,active,HIVERSE-9603,FALSE,Story,"1,800",Done,done,336,1630.001111,1294.001111,No Parent
"1,363",HIVERSE - Sprint 77,Hiverse,6/21/2023,7/5/2023,1,5868004,1209600,-,-,active,HIVERSE-9604,FALSE,Story,"3,600",Done,done,336,1630.001111,1294.001111,No Parent
"1,363",HIVERSE - Sprint 77,Hiverse,6/21/2023,7/5/2023,2,5868004,1209600,-,-,active,HIVERSE-9610,FALSE,Story,"3,600",Done,done,336,1630.001111,1294.001111,No Parent
"1,363",HIVERSE - Sprint 77,Hiverse,6/21/2023,7/5/2023,0,5868004,1209600,-,-,active,HIVERSE-9728,FALSE,Bug,"7,200",Done,done,336,1630.001111,1294.001111,No Parent
"1,363",HIVERSE - Sprint 77,Hiverse,6/21/2023,7/5/2023,0,5868004,1209600,-,-,active,HIVERSE-9729,FALSE,Bug,"9,000",Done,done,336,1630.001111,1294.001111,No Parent
"1,363",HIVERSE - Sprint 77,Hiverse,6/21/2023,7/5/2023,0,5868004,1209600,-,-,active,HIVERSE-9731,FALSE,Task,"1,800",Done,done,336,1630.001111,1294.001111,No Parent
"1,363",HIVERSE - Sprint 77,Hiverse,6/21/2023,7/5/2023,0,5868004,1209600,-,-,active,HIVERSE-9732,FALSE,Task,"3,600",Done,done,336,1630.001111,1294.001111,No Parent
"1,363",HIVERSE - Sprint 77,Hiverse,6/21/2023,7/5/2023,0,5868004,1209600,-,-,active,HIVERSE-9733,FALSE,Task,900,Done,done,336,1630.001111,1294.001111,No Parent
"1,363",HIVERSE - Sprint 77,Hiverse,6/21/2023,7/5/2023,0,5868004,1209600,-,-,active,HIVERSE-9734,FALSE,Bug,"7,200",Done,done,336,1630.001111,1294.001111,No Parent
"1,363",HIVERSE - Sprint 77,Hiverse,6/21/2023,7/5/2023,0,5868004,1209600,-,-,active,HIVERSE-9735,FALSE,Bug,"7,200",Done,done,336,1630.001111,1294.001111,No Parent
"1,363",HIVERSE - Sprint 77,Hiverse,6/21/2023,7/5/2023,0,5868004,1209600,-,-,active,HIVERSE-9763,FALSE,Bug,"7,200",Done,done,336,1630.001111,1294.001111,No Parent
"1,363",HIVERSE - Sprint 77,Hiverse,6/21/2023,7/5/2023,0,5868004,1209600,-,-,active,HIVERSE-9739,FALSE,Bug,"3,600",Done,done,336,1630.001111,1294.001111,No Parent
"1,363",HIVERSE - Sprint 77,Hiverse,6/21/2023,7/5/2023,0,5868004,1209600,-,-,active,HIVERSE-9741,FALSE,Bug,"14,400",Done,done,336,1630.001111,1294.001111,No Parent
"1,363",HIVERSE - Sprint 77,Hiverse,6/21/2023,7/5/2023,0,5868004,1209600,-,-,active,HIVERSE-9742,FALSE,Bug,"7,200",Done,done,336,1630.001111,1294.001111,No Parent
"1,363",HIVERSE - Sprint 77,Hiverse,6/21/2023,7/5/2023,0,5868004,1209600,-,-,active,HIVERSE-9746,FALSE,Bug,300,Done,done,336,1630.001111,1294.001111,No Parent
"1,363",HIVERSE - Sprint 77,Hiverse,6/21/2023,7/5/2023,0,5868004,1209600,-,-,active,HIVERSE-9595,FALSE,Bug,900,Done,done,336,1630.001111,1294.001111,No Parent
"1,363",HIVERSE - Sprint 77,Hiverse,6/21/2023,7/5/2023,0,5868004,1209600,-,-,active,HIVERSE-9749,FALSE,Bug,"1,800",Done,done,336,1630.001111,1294.001111,No Parent
"1,363",HIVERSE - Sprint 77,Hiverse,6/21/2023,7/5/2023,0,5868004,1209600,-,-,active,HIVERSE-9750,FALSE,Bug,"25,200",Done,done,336,1630.001111,1294.001111,No Parent
"1,363",HIVERSE - Sprint 77,Hiverse,6/21/2023,7/5/2023,0,5868004,1209600,-,-,active,HIVERSE-9751,FALSE,Bug,"1,800",Done,done,336,1630.001111,1294.001111,No Parent
"1,363",HIVERSE - Sprint 77,Hiverse,6/21/2023,7/5/2023,0,5868004,1209600,-,-,active,HIVERSE-9752,FALSE,Story,"3,600",Done,done,336,1630.001111,1294.001111,No Parent
"1,363",HIVERSE - Sprint 77,Hiverse,6/21/2023,7/5/2023,0,5868004,1209600,-,-,active,HIVERSE-9753,FALSE,Bug,600,Done,done,336,1630.001111,1294.001111,No Parent
"1,363",HIVERSE - Sprint 77,Hiverse,6/21/2023,7/5/2023,0,5868004,1209600,-,-,active,HIVERSE-9760,FALSE,Bug,"7,200",Done,done,336,1630.001111,1294.001111,No Parent
"1,363",HIVERSE - Sprint 77,Hiverse,6/21/2023,7/5/2023,0,5868004,1209600,-,-,active,HIVERSE-9761,FALSE,Bug,900,Done,done,336,1630.001111,1294.001111,No Parent
"1,363",HIVERSE - Sprint 77,Hiverse,6/21/2023,7/5/2023,0,5868004,1209600,-,-,active,HIVERSE-9762,FALSE,Bug,"3,600",Done,done,336,1630.001111,1294.001111,No Parent
"1,363",HIVERSE - Sprint 77,Hiverse,6/21/2023,7/5/2023,0,5868004,1209600,-,-,active,HIVERSE-9764,FALSE,Bug,"3,600",Done,done,336,1630.001111,1294.001111,No Parent
"1,363",HIVERSE - Sprint 77,Hiverse,6/21/2023,7/5/2023,0,5868004,1209600,-,-,active,HIVERSE-9768,FALSE,Bug,"1,800",Done,done,336,1630.001111,1294.001111,No Parent
"1,363",HIVERSE - Sprint 77,Hiverse,6/21/2023,7/5/2023,0,5868004,1209600,-,-,active,HIVERSE-9773,FALSE,Bug,"3,600",Done,done,336,1630.001111,1294.001111,No Parent
"1,363",HIVERSE - Sprint 77,Hiverse,6/21/2023,7/5/2023,0,5868004,1209600,-,-,active,HIVERSE-9774,FALSE,Bug,"3,600",Done,done,336,1630.001111,1294.001111,No Parent
"1,363",HIVERSE - Sprint 77,Hiverse,6/21/2023,7/5/2023,0,5868004,1209600,-,-,active,HIVERSE-9775,FALSE,Bug,"4,800",Done,done,336,1630.001111,1294.001111,No Parent
"1,363",HIVERSE - Sprint 77,Hiverse,6/21/2023,7/5/2023,0,5868004,1209600,-,-,active,HIVERSE-9779,FALSE,Bug,300,Done,done,336,1630.001111,1294.001111,No Parent
"1,363",HIVERSE - Sprint 77,Hiverse,6/21/2023,7/5/2023,0,5868004,1209600,-,-,active,HIVERSE-9781,FALSE,Bug,"1,800",Done,done,336,1630.001111,1294.001111,No Parent
"1,363",HIVERSE - Sprint 77,Hiverse,6/21/2023,7/5/2023,0,5868004,1209600,-,-,active,HIVERSE-9782,FALSE,Bug,"3,600",Done,done,336,1630.001111,1294.001111,No Parent
"1,363",HIVERSE - Sprint 77,Hiverse,6/21/2023,7/5/2023,0,5868004,1209600,-,-,active,HIVERSE-9784,FALSE,Task,"3,600",Done,done,336,1630.001111,1294.001111,No Parent
"1,363",HIVERSE - Sprint 77,Hiverse,6/21/2023,7/5/2023,0,5868004,1209600,-,-,active,HIVERSE-9785,FALSE,Task,0,Done,done,336,1630.001111,1294.001111,No Parent
"1,363",HIVERSE - Sprint 77,Hiverse,6/21/2023,7/5/2023,0,5868004,1209600,-,-,active,HIVERSE-9786,FALSE,Bug,600,Done,done,336,1630.001111,1294.001111,No Parent
"1,363",HIVERSE - Sprint 77,Hiverse,6/21/2023,7/5/2023,0,5868004,1209600,-,-,active,HIVERSE-9787,FALSE,Bug,"3,600",Done,done,336,1630.001111,1294.001111,No Parent
"1,363",HIVERSE - Sprint 77,Hiverse,6/21/2023,7/5/2023,0,5868004,1209600,-,-,active,HIVERSE-9806,FALSE,Task,"1,200",Done,done,336,1630.001111,1294.001111,No Parent
"1,363",HIVERSE - Sprint 77,Hiverse,6/21/2023,7/5/2023,0,5868004,1209600,-,-,active,HIVERSE-9807,FALSE,Bug,600,Done,done,336,1630.001111,1294.001111,No Parent
"1,363",HIVERSE - Sprint 77,Hiverse,6/21/2023,7/5/2023,0,5864405,1209600,-,-,active,HIVERSE-9656,FALSE,Bug,0,Done,done,336,1629.001389,1293.001389,No Parent
"1,363",HIVERSE - Sprint 77,Hiverse,6/21/2023,7/5/2023,0,5864405,1209600,-,-,active,HIVERSE-9736,FALSE,Bug,0,Done,done,336,1629.001389,1293.001389,No Parent
"1,363",HIVERSE - Sprint 77,Hiverse,6/21/2023,7/5/2023,0,5864405,1209600,-,-,active,HIVERSE-9512,FALSE,Bug,0,Done,done,336,1629.001389,1293.001389,No Parent
"1,363",HIVERSE - Sprint 77,Hiverse,6/21/2023,7/5/2023,0,5864405,1209600,-,-,active,HIVERSE-9526,FALSE,Bug,600,Done,done,336,1629.001389,1293.001389,No Parent
"1,363",HIVERSE - Sprint 77,Hiverse,6/21/2023,7/5/2023,0,5864405,1209600,-,-,active,HIVERSE-9551,FALSE,Bug,0,Done,done,336,1629.001389,1293.001389,No Parent
"1,363",HIVERSE - Sprint 77,Hiverse,6/21/2023,7/5/2023,0,5864405,1209600,-,-,active,HIVERSE-9777,FALSE,Bug,600,Done,done,336,1629.001389,1293.001389,No Parent
"1,363",HIVERSE - Sprint 77,Hiverse,6/21/2023,7/5/2023,0,5864405,1209600,-,-,active,HIVERSE-9778,FALSE,Bug,0,Done,done,336,1629.001389,1293.001389,No Parent
